DergroeSchattenHeinrichGeorge-100679.jpeg,Malte_Jaeger,m
DergroeSchattenHeinrichGeorge-100679.jpeg,Marieluise_Claudius,w
DergroeSchattenHeinrichGeorge-100879.jpeg,Maria_von_Tasnady,w
DergroeSchattenHeinrichGeorge-101259.jpeg,Dorit_Kreysler,w
DergroeSchattenHeinrichGeorge-101453.jpeg,Marianne_Stanior,w
DergroeSchattenHeinrichGeorge-101857.jpeg,Dorit_Kreysler,w
DergroeSchattenHeinrichGeorge-102632.jpeg,Leo_Peukert,m
DergroeSchattenHeinrichGeorge-102882.jpeg,Alfred_Neugebauer,m
DergroeSchattenHeinrichGeorge-102882.jpeg,Marika_Roekk,w
DergroeSchattenHeinrichGeorge-103242.jpeg,Else_Elster,w
DergroeSchattenHeinrichGeorge-103824.jpeg,Edith_Oss,w
DergroeSchattenHeinrichGeorge-103824.jpeg,Hadrian_Maria_Netto,m
DergroeSchattenHeinrichGeorge-104408.jpeg,Karl_Martell,m
DergroeSchattenHeinrichGeorge-104908.jpeg,Willi_Forst,m
DergroeSchattenHeinrichGeorge-104908.jpeg,Hans_Meyer_Hanno,m
DergroeSchattenHeinrichGeorge-105158.jpeg,Ursula_Herking,w
DergroeSchattenHeinrichGeorge-10542.jpeg,Christian_Gollong,m
DergroeSchattenHeinrichGeorge-106474.jpeg,Hadrian_Maria_Netto,m
DergroeSchattenHeinrichGeorge-106724.jpeg,Carl_Guenther,m
DergroeSchattenHeinrichGeorge-10693.jpeg,Christian_Gollong,m
DergroeSchattenHeinrichGeorge-107224.jpeg,Hans_Joachim_Buettner,m
DergroeSchattenHeinrichGeorge-107474.jpeg,Willy_Eichberger,m
DergroeSchattenHeinrichGeorge-107510.jpeg,Eugen_Kloepfer,m
DergroeSchattenHeinrichGeorge-107828.jpeg,Hadrian_Maria_Netto,m
DergroeSchattenHeinrichGeorge-10801.jpeg,Ernst_Waldow,m
DergroeSchattenHeinrichGeorge-108078.jpeg,Herbert_Huebner,m
DergroeSchattenHeinrichGeorge-109097.jpeg,Armin_Schweizer,m
DergroeSchattenHeinrichGeorge-109288.jpeg,Guenther_Lueders,m
DergroeSchattenHeinrichGeorge-109719.jpeg,Ilse_Werner,w
DergroeSchattenHeinrichGeorge-110719.jpeg,Siegfried_Breuer,m
DergroeSchattenHeinrichGeorge-110969.jpeg,Lothar_Firmans,m
DergroeSchattenHeinrichGeorge-111105.jpeg,Marika_Roekk,w
DergroeSchattenHeinrichGeorge-111153.jpeg,Boris_Alekin,m
DergroeSchattenHeinrichGeorge-111666.jpeg,Heinz_Ruehmann,m
DergroeSchattenHeinrichGeorge-111933.jpeg,Hadrian_Maria_Netto,m
DergroeSchattenHeinrichGeorge-11234.jpeg,Willy_Birgel,m
DergroeSchattenHeinrichGeorge-112788.jpeg,Willy_Eichberger,m
DergroeSchattenHeinrichGeorge-112788.jpeg,Annemarie_Korff,w
DergroeSchattenHeinrichGeorge-113038.jpeg,Hans_Albers,m
DergroeSchattenHeinrichGeorge-113382.jpeg,Hadrian_Maria_Netto,m
DergroeSchattenHeinrichGeorge-113795.jpeg,Jaspar_von_Oertzen,m
DergroeSchattenHeinrichGeorge-114579.jpeg,Maria_von_Tasnady,w
DergroeSchattenHeinrichGeorge-115079.jpeg,Hadrian_Maria_Netto,m
DergroeSchattenHeinrichGeorge-115181.jpeg,Edith_Oss,w
DergroeSchattenHeinrichGeorge-115432.jpeg,Kaethe_Haack,w
DergroeSchattenHeinrichGeorge-115471.jpeg,Rudolf_Carl,m
DergroeSchattenHeinrichGeorge-115604.jpeg,Lothar_Firmans,m
DergroeSchattenHeinrichGeorge-115604.jpeg,Hadrian_Maria_Netto,m
DergroeSchattenHeinrichGeorge-116296.jpeg,Eric_Helgar,m
DergroeSchattenHeinrichGeorge-116296.jpeg,Ernst_Schroeder,m
DergroeSchattenHeinrichGeorge-116796.jpeg,Hadrian_Maria_Netto,m
DergroeSchattenHeinrichGeorge-116796.jpeg,Margarete_Schoen,w
DergroeSchattenHeinrichGeorge-117296.jpeg,Guenther_Lueders,m
DergroeSchattenHeinrichGeorge-117424.jpeg,Maria_Nicklisch,w
DergroeSchattenHeinrichGeorge-117566.jpeg,Willy_Eichberger,m
DergroeSchattenHeinrichGeorge-117566.jpeg,Hadrian_Maria_Netto,m
DergroeSchattenHeinrichGeorge-117935.jpeg,Fritz_Eckert,m
DergroeSchattenHeinrichGeorge-11794.jpeg,Hadrian_Maria_Netto,m
DergroeSchattenHeinrichGeorge-118338.jpeg,Herbert_Huebner,m
DergroeSchattenHeinrichGeorge-119465.jpeg,Ferdinand_Marian,m
DergroeSchattenHeinrichGeorge-119536.jpeg,Eugen_Kloepfer,m
DergroeSchattenHeinrichGeorge-119830.jpeg,Eduard_Wenck,m
DergroeSchattenHeinrichGeorge-120168.jpeg,Marianne_Simson,w
DergroeSchattenHeinrichGeorge-12044.jpeg,Guenther_Lueders,m
DergroeSchattenHeinrichGeorge-12044.jpeg,Hadrian_Maria_Netto,m
DergroeSchattenHeinrichGeorge-120534.jpeg,Hadrian_Maria_Netto,m
DergroeSchattenHeinrichGeorge-120784.jpeg,Willy_Eichberger,m
DergroeSchattenHeinrichGeorge-121139.jpeg,Gerta_Boettcher,w
DergroeSchattenHeinrichGeorge-121350.jpeg,Ursula_Herking,w
DergroeSchattenHeinrichGeorge-121350.jpeg,Gerta_Boettcher,w
DergroeSchattenHeinrichGeorge-121507.jpeg,Antonie_Jaeckel,w
DergroeSchattenHeinrichGeorge-121612.jpeg,Else_Elster,w
DergroeSchattenHeinrichGeorge-121839.jpeg,Antonie_Jaeckel,w
DergroeSchattenHeinrichGeorge-121869.jpeg,Else_Elster,w
DergroeSchattenHeinrichGeorge-121932.jpeg,Klaramaria_Skala,w
DergroeSchattenHeinrichGeorge-122081.jpeg,Hans_Unterkircher,m
DergroeSchattenHeinrichGeorge-122125.jpeg,Hans_Unterkircher,m
DergroeSchattenHeinrichGeorge-122262.jpeg,Antonie_Jaeckel,w
DergroeSchattenHeinrichGeorge-122388.jpeg,Angela_Salloker,w
DergroeSchattenHeinrichGeorge-122580.jpeg,Antonie_Jaeckel,w
DergroeSchattenHeinrichGeorge-122630.jpeg,Hans_Unterkircher,m
DergroeSchattenHeinrichGeorge-122788.jpeg,Else_Elster,w
DergroeSchattenHeinrichGeorge-12294.jpeg,Ernst_Rotmund,m
DergroeSchattenHeinrichGeorge-12294.jpeg,Rene_Deltgen,m
DergroeSchattenHeinrichGeorge-123034.jpeg,Eric_Helgar,m
DergroeSchattenHeinrichGeorge-123284.jpeg,Erich_Fiedler,m
DergroeSchattenHeinrichGeorge-123284.jpeg,Maria_von_Tasnady,w
DergroeSchattenHeinrichGeorge-124034.jpeg,Guenther_Lueders,m
DergroeSchattenHeinrichGeorge-12412.jpeg,Max_Paulsen_Peter_Peterson,m
DergroeSchattenHeinrichGeorge-124784.jpeg,Hans_Albers,m
DergroeSchattenHeinrichGeorge-125030.jpeg,Josefine_Dora,w
DergroeSchattenHeinrichGeorge-125498.jpeg,Guenther_Lueders,m
DergroeSchattenHeinrichGeorge-125748.jpeg,Lothar_Firmans,m
DergroeSchattenHeinrichGeorge-125998.jpeg,Marianne_Stanior,w
DergroeSchattenHeinrichGeorge-126248.jpeg,Siegfried_Breuer,m
DergroeSchattenHeinrichGeorge-126748.jpeg,Attila_Hoerbiger,m
DergroeSchattenHeinrichGeorge-129239.jpeg,Guenther_Lueders,m
DergroeSchattenHeinrichGeorge-129489.jpeg,Hans_Albers,m
DergroeSchattenHeinrichGeorge-129489.jpeg,Willy_Birgel,m
DergroeSchattenHeinrichGeorge-130163.jpeg,Rene_Deltgen,m
DergroeSchattenHeinrichGeorge-130163.jpeg,Hadrian_Maria_Netto,m
DergroeSchattenHeinrichGeorge-130653.jpeg,Hans_Albers,m
DergroeSchattenHeinrichGeorge-130903.jpeg,Willy_Birgel,m
DergroeSchattenHeinrichGeorge-131439.jpeg,Edith_Oss,w
DergroeSchattenHeinrichGeorge-132029.jpeg,Anja_Elkoff,w
DergroeSchattenHeinrichGeorge-132542.jpeg,Willy_Birgel,m
DergroeSchattenHeinrichGeorge-133005.jpeg,Marianne_Simson,w
DergroeSchattenHeinrichGeorge-134293.jpeg,Armin_Schweizer,m
DergroeSchattenHeinrichGeorge-13674.jpeg,Herbert_Huebner,m
DergroeSchattenHeinrichGeorge-136814.jpeg,Carl_Raddatz,m
DergroeSchattenHeinrichGeorge-138273.jpeg,Paul_Otto,m
DergroeSchattenHeinrichGeorge-138299.jpeg,Lothar_Firmans,m
DergroeSchattenHeinrichGeorge-138700.jpeg,Marianne_Simson,w
DergroeSchattenHeinrichGeorge-139085.jpeg,Hadrian_Maria_Netto,m
DergroeSchattenHeinrichGeorge-139329.jpeg,Rudolf_Carl,m
DergroeSchattenHeinrichGeorge-139571.jpeg,Willy_Eichberger,m
DergroeSchattenHeinrichGeorge-139874.jpeg,Theodor_Loos,m
DergroeSchattenHeinrichGeorge-140169.jpeg,Max_Paulsen_Peter_Peterson,m
DergroeSchattenHeinrichGeorge-140298.jpeg,Siegfried_Breuer,m
DergroeSchattenHeinrichGeorge-140346.jpeg,Hadrian_Maria_Netto,m
DergroeSchattenHeinrichGeorge-140795.jpeg,Willi_Forst,m
DergroeSchattenHeinrichGeorge-140870.jpeg,Eugen_Kloepfer,m
DergroeSchattenHeinrichGeorge-141514.jpeg,Anja_Elkoff,w
DergroeSchattenHeinrichGeorge-14174.jpeg,Rene_Deltgen,m
DergroeSchattenHeinrichGeorge-141832.jpeg,Rene_Deltgen,m
DergroeSchattenHeinrichGeorge-142332.jpeg,Maria_von_Tasnady,w
DergroeSchattenHeinrichGeorge-142832.jpeg,Lothar_Firmans,m
DergroeSchattenHeinrichGeorge-143126.jpeg,Reinhold_Bernt,m
DergroeSchattenHeinrichGeorge-143273.jpeg,Maria_von_Tasnady,w
DergroeSchattenHeinrichGeorge-14329.jpeg,Hadrian_Maria_Netto,m
DergroeSchattenHeinrichGeorge-143366.jpeg,Maria_von_Tasnady,w
DergroeSchattenHeinrichGeorge-143366.jpeg,Willy_Fritsch,m
DergroeSchattenHeinrichGeorge-143803.jpeg,Ethel_Reschke,w
DergroeSchattenHeinrichGeorge-143847.jpeg,Emil_Jannings,m
DergroeSchattenHeinrichGeorge-144313.jpeg,Herbert_Huebner,m
DergroeSchattenHeinrichGeorge-144499.jpeg,Willy_Eichberger,m
DergroeSchattenHeinrichGeorge-145156.jpeg,Hella_Graf,w
DergroeSchattenHeinrichGeorge-146491.jpeg,Marianne_Simson,w
DergroeSchattenHeinrichGeorge-146622.jpeg,Else_Elster,w
DergroeSchattenHeinrichGeorge-146872.jpeg,Ursula_Herking,w
DergroeSchattenHeinrichGeorge-147216.jpeg,Siegfried_Breuer,m
DergroeSchattenHeinrichGeorge-147286.jpeg,Annemarie_Korff,w
DergroeSchattenHeinrichGeorge-147451.jpeg,Ethel_Reschke,w
DergroeSchattenHeinrichGeorge-147567.jpeg,Armin_Schweizer,m
DergroeSchattenHeinrichGeorge-147847.jpeg,Jaspar_von_Oertzen,m
DergroeSchattenHeinrichGeorge-147955.jpeg,Marieluise_Claudius,w
DergroeSchattenHeinrichGeorge-148365.jpeg,Ethel_Reschke,w
DergroeSchattenHeinrichGeorge-148865.jpeg,Hadrian_Maria_Netto,m
DergroeSchattenHeinrichGeorge-149162.jpeg,Luise_Ullrich,w
DergroeSchattenHeinrichGeorge-149456.jpeg,Hadrian_Maria_Netto,m
DergroeSchattenHeinrichGeorge-150513.jpeg,Antonie_Jaeckel,w
DergroeSchattenHeinrichGeorge-150597.jpeg,Ernst_Waldow,m
DergroeSchattenHeinrichGeorge-150698.jpeg,Ernst_Waldow,m
DergroeSchattenHeinrichGeorge-150796.jpeg,Hadrian_Maria_Netto,m
DergroeSchattenHeinrichGeorge-150852.jpeg,Ernst_Waldow,m
DergroeSchattenHeinrichGeorge-150911.jpeg,Hadrian_Maria_Netto,m
DergroeSchattenHeinrichGeorge-150980.jpeg,Hadrian_Maria_Netto,m
DergroeSchattenHeinrichGeorge-151118.jpeg,Ernst_Waldow,m
DergroeSchattenHeinrichGeorge-151156.jpeg,Ilse_Petri,w
DergroeSchattenHeinrichGeorge-151368.jpeg,Ekkehard_Arendt,m
DergroeSchattenHeinrichGeorge-151413.jpeg,Rolf_Weih,m
DergroeSchattenHeinrichGeorge-151568.jpeg,Hans_Unterkircher,m
DergroeSchattenHeinrichGeorge-151683.jpeg,Hans_Joachim_Buettner,m
DergroeSchattenHeinrichGeorge-151853.jpeg,Ekkehard_Arendt,m
DergroeSchattenHeinrichGeorge-151916.jpeg,Eduard_von_Winterstein,m
DergroeSchattenHeinrichGeorge-152203.jpeg,Eduard_Wenck,m
DergroeSchattenHeinrichGeorge-152537.jpeg,Willi_Forst,m
DergroeSchattenHeinrichGeorge-154050.jpeg,Hadrian_Maria_Netto,m
DergroeSchattenHeinrichGeorge-154050.jpeg,Armin_Schweizer,m
DergroeSchattenHeinrichGeorge-154854.jpeg,Herbert_Gernot,m
DergroeSchattenHeinrichGeorge-155223.jpeg,Guenther_Lueders,m
DergroeSchattenHeinrichGeorge-157428.jpeg,Marianne_Simson,w
DergroeSchattenHeinrichGeorge-157875.jpeg,Albert_Florath,m
DergroeSchattenHeinrichGeorge-158639.jpeg,Hans_Unterkircher,m
DergroeSchattenHeinrichGeorge-159212.jpeg,Guenther_Lueders,m
DergroeSchattenHeinrichGeorge-159437.jpeg,Willi_Forst,m
DergroeSchattenHeinrichGeorge-159832.jpeg,Carl_Guenther,m
DergroeSchattenHeinrichGeorge-160126.jpeg,Edith_Oss,w
DergroeSchattenHeinrichGeorge-160235.jpeg,Carl_Guenther,m
DergroeSchattenHeinrichGeorge-160420.jpeg,Herbert_Huebner,m
DergroeSchattenHeinrichGeorge-160836.jpeg,Eugen_Kloepfer,m
DergroeSchattenHeinrichGeorge-161086.jpeg,Waldemar_Leitgeb,m
DergroeSchattenHeinrichGeorge-16244.jpeg,Herbert_Huebner,m
DergroeSchattenHeinrichGeorge-16244.jpeg,Gerta_Boettcher,w
DergroeSchattenHeinrichGeorge-163686.jpeg,Lothar_Firmans,m
DergroeSchattenHeinrichGeorge-163686.jpeg,Hadrian_Maria_Netto,m
DergroeSchattenHeinrichGeorge-163797.jpeg,Ernst_Rotmund,m
DergroeSchattenHeinrichGeorge-165413.jpeg,Inge_Landgut,w
DergroeSchattenHeinrichGeorge-165791.jpeg,Hadrian_Maria_Netto,m
DergroeSchattenHeinrichGeorge-166043.jpeg,Hadrian_Maria_Netto,m
DergroeSchattenHeinrichGeorge-166107.jpeg,Herbert_Huebner,m
DergroeSchattenHeinrichGeorge-16812.jpeg,Rene_Deltgen,m
DergroeSchattenHeinrichGeorge-174846.jpeg,Hadrian_Maria_Netto,m
DergroeSchattenHeinrichGeorge-174919.jpeg,Waldemar_Leitgeb,m
DergroeSchattenHeinrichGeorge-174919.jpeg,Willy_Eichberger,m
DergroeSchattenHeinrichGeorge-18878.jpeg,Eugen_Kloepfer,m
DergroeSchattenHeinrichGeorge-19378.jpeg,Hans_Albers,m
DergroeSchattenHeinrichGeorge-19378.jpeg,Hans_Soehnker,m
DergroeSchattenHeinrichGeorge-19958.jpeg,Rene_Deltgen,m
DergroeSchattenHeinrichGeorge-19958.jpeg,Maria_von_Tasnady,w
DergroeSchattenHeinrichGeorge-20208.jpeg,Eugen_Kloepfer,m
DergroeSchattenHeinrichGeorge-20458.jpeg,Eduard_Wenck,m
DergroeSchattenHeinrichGeorge-20458.jpeg,Theodor_Loos,m
DergroeSchattenHeinrichGeorge-20458.jpeg,Hadrian_Maria_Netto,m
DergroeSchattenHeinrichGeorge-21511.jpeg,Fritz_Eckert,m
DergroeSchattenHeinrichGeorge-21742.jpeg,Hadrian_Maria_Netto,m
DergroeSchattenHeinrichGeorge-21907.jpeg,Rene_Deltgen,m
DergroeSchattenHeinrichGeorge-22114.jpeg,Carl_Guenther,m
DergroeSchattenHeinrichGeorge-22360.jpeg,Hadrian_Maria_Netto,m
DergroeSchattenHeinrichGeorge-22415.jpeg,Maria_von_Tasnady,w
DergroeSchattenHeinrichGeorge-22462.jpeg,Willy_Eichberger,m
DergroeSchattenHeinrichGeorge-22639.jpeg,Willi_Kaiser_Heyl,m
DergroeSchattenHeinrichGeorge-22639.jpeg,Hadrian_Maria_Netto,m
DergroeSchattenHeinrichGeorge-22756.jpeg,Hadrian_Maria_Netto,m
DergroeSchattenHeinrichGeorge-23871.jpeg,Willy_Birgel,m
DergroeSchattenHeinrichGeorge-24371.jpeg,Malte_Jaeger,m
DergroeSchattenHeinrichGeorge-25621.jpeg,Rene_Deltgen,m
DergroeSchattenHeinrichGeorge-25871.jpeg,Siegfried_Breuer,m
DergroeSchattenHeinrichGeorge-26121.jpeg,Hadrian_Maria_Netto,m
DergroeSchattenHeinrichGeorge-26121.jpeg,Eugen_Kloepfer,m
DergroeSchattenHeinrichGeorge-26621.jpeg,Siegfried_Breuer,m
DergroeSchattenHeinrichGeorge-26871.jpeg,Walter_Gross,m
DergroeSchattenHeinrichGeorge-2714.jpeg,Willy_Eichberger,m
DergroeSchattenHeinrichGeorge-27755.jpeg,Armin_Schweizer,m
DergroeSchattenHeinrichGeorge-28366.jpeg,Armin_Schweizer,m
DergroeSchattenHeinrichGeorge-28454.jpeg,Annemarie_Korff,w
DergroeSchattenHeinrichGeorge-28834.jpeg,Rene_Deltgen,m
DergroeSchattenHeinrichGeorge-30260.jpeg,Hadrian_Maria_Netto,m
DergroeSchattenHeinrichGeorge-3079.jpeg,Siegfried_Breuer,m
DergroeSchattenHeinrichGeorge-32350.jpeg,Eugen_Kloepfer,m
DergroeSchattenHeinrichGeorge-3240.jpeg,Hermann_Speelmans,m
DergroeSchattenHeinrichGeorge-32443.jpeg,Herbert_Huebner,m
DergroeSchattenHeinrichGeorge-32443.jpeg,Willy_Eichberger,m
DergroeSchattenHeinrichGeorge-32571.jpeg,Rolf_Weih,m
DergroeSchattenHeinrichGeorge-32571.jpeg,Herbert_Huebner,m
DergroeSchattenHeinrichGeorge-33875.jpeg,Rudolf_Carl,m
DergroeSchattenHeinrichGeorge-34104.jpeg,Hadrian_Maria_Netto,m
DergroeSchattenHeinrichGeorge-34558.jpeg,Hadrian_Maria_Netto,m
DergroeSchattenHeinrichGeorge-34808.jpeg,Eugen_Kloepfer,m
DergroeSchattenHeinrichGeorge-34808.jpeg,Armin_Schweizer,m
DergroeSchattenHeinrichGeorge-35558.jpeg,Eugen_Kloepfer,m
DergroeSchattenHeinrichGeorge-36558.jpeg,Hadrian_Maria_Netto,m
DergroeSchattenHeinrichGeorge-37052.jpeg,Walter_Gross,m
DergroeSchattenHeinrichGeorge-37302.jpeg,Ilse_Petri,w
DergroeSchattenHeinrichGeorge-3745.jpeg,Rene_Deltgen,m
DergroeSchattenHeinrichGeorge-37802.jpeg,Lothar_Firmans,m
DergroeSchattenHeinrichGeorge-37802.jpeg,Willy_Eichberger,m
DergroeSchattenHeinrichGeorge-38052.jpeg,harald_paulsen,m
DergroeSchattenHeinrichGeorge-38302.jpeg,Else_Elster,w
DergroeSchattenHeinrichGeorge-38802.jpeg,Gerta_Boettcher,w
DergroeSchattenHeinrichGeorge-39190.jpeg,Lothar_Firmans,m
DergroeSchattenHeinrichGeorge-39613.jpeg,Max_Paulsen_Peter_Peterson,m
DergroeSchattenHeinrichGeorge-39707.jpeg,Rene_Deltgen,m
DergroeSchattenHeinrichGeorge-39827.jpeg,Hilde_Sessak,w
DergroeSchattenHeinrichGeorge-4034.jpeg,Marianne_Simson,w
DergroeSchattenHeinrichGeorge-40669.jpeg,Willy_Eichberger,m
DergroeSchattenHeinrichGeorge-40737.jpeg,Hadrian_Maria_Netto,m
DergroeSchattenHeinrichGeorge-4284.jpeg,Marianne_Simson,w
DergroeSchattenHeinrichGeorge-43028.jpeg,Rudolf_Carl,m
DergroeSchattenHeinrichGeorge-43528.jpeg,Eugen_Kloepfer,m
DergroeSchattenHeinrichGeorge-44184.jpeg,Eugen_Kloepfer,m
DergroeSchattenHeinrichGeorge-4511.jpeg,Annemarie_Korff,w
DergroeSchattenHeinrichGeorge-47567.jpeg,Ekkehard_Arendt,m
DergroeSchattenHeinrichGeorge-47675.jpeg,Clemens_Hasse,m
DergroeSchattenHeinrichGeorge-49044.jpeg,Ilse_Petri,w
DergroeSchattenHeinrichGeorge-49303.jpeg,Eric_Helgar,m
DergroeSchattenHeinrichGeorge-49334.jpeg,Michael_Bohnen,m
DergroeSchattenHeinrichGeorge-49389.jpeg,Rudolf_Carl,m
DergroeSchattenHeinrichGeorge-49639.jpeg,Hadrian_Maria_Netto,m
DergroeSchattenHeinrichGeorge-50785.jpeg,Hadrian_Maria_Netto,m
DergroeSchattenHeinrichGeorge-51035.jpeg,Maria_von_Tasnady,w
DergroeSchattenHeinrichGeorge-51061.jpeg,Armin_Schweizer,m
DergroeSchattenHeinrichGeorge-52311.jpeg,Lothar_Firmans,m
DergroeSchattenHeinrichGeorge-53134.jpeg,Eugen_Kloepfer,m
DergroeSchattenHeinrichGeorge-53804.jpeg,Marianne_Simson,w
DergroeSchattenHeinrichGeorge-54304.jpeg,Hadrian_Maria_Netto,m
DergroeSchattenHeinrichGeorge-54304.jpeg,Malte_Jaeger,m
DergroeSchattenHeinrichGeorge-55964.jpeg,Max_Paulsen_Peter_Peterson,m
DergroeSchattenHeinrichGeorge-56214.jpeg,Alfred_Neugebauer,m
DergroeSchattenHeinrichGeorge-56511.jpeg,Hadrian_Maria_Netto,m
DergroeSchattenHeinrichGeorge-56705.jpeg,Klaramaria_Skala,w
DergroeSchattenHeinrichGeorge-56904.jpeg,Maria_von_Tasnady,w
DergroeSchattenHeinrichGeorge-56971.jpeg,Marianne_Simson,w
DergroeSchattenHeinrichGeorge-57119.jpeg,Jaspar_von_Oertzen,m
DergroeSchattenHeinrichGeorge-57214.jpeg,Hadrian_Maria_Netto,m
DergroeSchattenHeinrichGeorge-57461.jpeg,Willy_Eichberger,m
DergroeSchattenHeinrichGeorge-57784.jpeg,Ernst_Waldow,m
DergroeSchattenHeinrichGeorge-5811.jpeg,Gerhard_Dammann,m
DergroeSchattenHeinrichGeorge-58585.jpeg,Willy_Eichberger,m
DergroeSchattenHeinrichGeorge-59085.jpeg,Malte_Jaeger,m
DergroeSchattenHeinrichGeorge-59335.jpeg,Carl_Guenther,m
DergroeSchattenHeinrichGeorge-59585.jpeg,Paul_Verhoeven,m
DergroeSchattenHeinrichGeorge-59870.jpeg,Kaethe_Haack,w
DergroeSchattenHeinrichGeorge-60120.jpeg,Andrews_Engelmann,m
DergroeSchattenHeinrichGeorge-60284.jpeg,Eric_Helgar,m
DergroeSchattenHeinrichGeorge-60284.jpeg,Klaramaria_Skala,w
DergroeSchattenHeinrichGeorge-60371.jpeg,Ernst_Rotmund,m
DergroeSchattenHeinrichGeorge-60756.jpeg,Gerhard_Dammann,m
DergroeSchattenHeinrichGeorge-61006.jpeg,Kurt_Meisel,m
DergroeSchattenHeinrichGeorge-61006.jpeg,Ekkehard_Arendt,m
DergroeSchattenHeinrichGeorge-61506.jpeg,Willi_Forst,m
DergroeSchattenHeinrichGeorge-61756.jpeg,Lothar_Firmans,m
DergroeSchattenHeinrichGeorge-61756.jpeg,Guenther_Lueders,m
DergroeSchattenHeinrichGeorge-61967.jpeg,Hadrian_Maria_Netto,m
DergroeSchattenHeinrichGeorge-62094.jpeg,Hans_Albers,m
DergroeSchattenHeinrichGeorge-62594.jpeg,Gerta_Boettcher,w
DergroeSchattenHeinrichGeorge-62844.jpeg,Lothar_Firmans,m
DergroeSchattenHeinrichGeorge-62844.jpeg,Paul_Otto,m
DergroeSchattenHeinrichGeorge-63794.jpeg,Maria_von_Tasnady,w
DergroeSchattenHeinrichGeorge-64044.jpeg,Hadrian_Maria_Netto,m
DergroeSchattenHeinrichGeorge-64294.jpeg,Malte_Jaeger,m
DergroeSchattenHeinrichGeorge-64544.jpeg,Edith_Oss,w
DergroeSchattenHeinrichGeorge-65512.jpeg,Willy_Eichberger,m
DergroeSchattenHeinrichGeorge-6933.jpeg,Siegfried_Breuer,m
DergroeSchattenHeinrichGeorge-70018.jpeg,Hans_Meyer_Hanno,m
DergroeSchattenHeinrichGeorge-70161.jpeg,Heinz_Salfner,m
DergroeSchattenHeinrichGeorge-70340.jpeg,Carl_Guenther,m
DergroeSchattenHeinrichGeorge-70503.jpeg,Albert_Matterstock,m
DergroeSchattenHeinrichGeorge-71429.jpeg,Willy_Eichberger,m
DergroeSchattenHeinrichGeorge-73421.jpeg,Leo_Peukert,m
DergroeSchattenHeinrichGeorge-73421.jpeg,Edith_Oss,w
DergroeSchattenHeinrichGeorge-73520.jpeg,Erich_Kestin,m
DergroeSchattenHeinrichGeorge-73781.jpeg,Kaethe_Haack,w
DergroeSchattenHeinrichGeorge-73876.jpeg,Hadrian_Maria_Netto,m
DergroeSchattenHeinrichGeorge-74657.jpeg,Armin_Schweizer,m
DergroeSchattenHeinrichGeorge-74898.jpeg,Malte_Jaeger,m
DergroeSchattenHeinrichGeorge-75293.jpeg,Willy_Eichberger,m
DergroeSchattenHeinrichGeorge-75585.jpeg,Antonie_Jaeckel,w
DergroeSchattenHeinrichGeorge-75674.jpeg,Ilse_Werner,w
DergroeSchattenHeinrichGeorge-75674.jpeg,Hans_Unterkircher,m
DergroeSchattenHeinrichGeorge-75831.jpeg,Carl_Guenther,m
DergroeSchattenHeinrichGeorge-77190.jpeg,Guenther_Lueders,m
DergroeSchattenHeinrichGeorge-7772.jpeg,Herbert_Huebner,m
DergroeSchattenHeinrichGeorge-77999.jpeg,Willy_Eichberger,m
DergroeSchattenHeinrichGeorge-77999.jpeg,Antonie_Jaeckel,w
DergroeSchattenHeinrichGeorge-78481.jpeg,Willi_Forst,m
DergroeSchattenHeinrichGeorge-78481.jpeg,Siegfried_Breuer,m
DergroeSchattenHeinrichGeorge-78598.jpeg,Fritz_Eckert,m
DergroeSchattenHeinrichGeorge-79544.jpeg,Hadrian_Maria_Netto,m
DergroeSchattenHeinrichGeorge-79578.jpeg,Marina_von_Ditmar,w
DergroeSchattenHeinrichGeorge-79622.jpeg,Hilde_Hildebrand,w
DergroeSchattenHeinrichGeorge-79728.jpeg,Karl_Martell,m
DergroeSchattenHeinrichGeorge-79978.jpeg,Else_Elster,w
DergroeSchattenHeinrichGeorge-80029.jpeg,Jaspar_von_Oertzen,m
DergroeSchattenHeinrichGeorge-80129.jpeg,Guenther_Lueders,m
DergroeSchattenHeinrichGeorge-80129.jpeg,Hansi_Knoteck,w
DergroeSchattenHeinrichGeorge-80129.jpeg,Malte_Jaeger,m
DergroeSchattenHeinrichGeorge-80291.jpeg,Fred_Liewehr,m
DergroeSchattenHeinrichGeorge-80291.jpeg,Walter_Gross,m
DergroeSchattenHeinrichGeorge-80380.jpeg,Clementia_Egies,w
DergroeSchattenHeinrichGeorge-8064.jpeg,Guenther_Lueders,m
DergroeSchattenHeinrichGeorge-80880.jpeg,Ernst_Legal,m
DergroeSchattenHeinrichGeorge-80908.jpeg,Albert_Matterstock,m
DergroeSchattenHeinrichGeorge-80908.jpeg,Marianne_Simson,w
DergroeSchattenHeinrichGeorge-80972.jpeg,Willy_Birgel,m
DergroeSchattenHeinrichGeorge-80972.jpeg,Gerhard_Dammann,m
DergroeSchattenHeinrichGeorge-81144.jpeg,Hadrian_Maria_Netto,m
DergroeSchattenHeinrichGeorge-81468.jpeg,Jaspar_von_Oertzen,m
DergroeSchattenHeinrichGeorge-81468.jpeg,Karl_Etlinger,m
DergroeSchattenHeinrichGeorge-81682.jpeg,Antonie_Jaeckel,w
DergroeSchattenHeinrichGeorge-81878.jpeg,Fritz_Eckert,m
DergroeSchattenHeinrichGeorge-81946.jpeg,Else_Elster,w
DergroeSchattenHeinrichGeorge-82079.jpeg,Antonie_Jaeckel,w
DergroeSchattenHeinrichGeorge-82244.jpeg,Klaramaria_Skala,w
DergroeSchattenHeinrichGeorge-82494.jpeg,Maria_von_Tasnady,w
DergroeSchattenHeinrichGeorge-83244.jpeg,Lothar_Firmans,m
DergroeSchattenHeinrichGeorge-83424.jpeg,Antonie_Jaeckel,w
DergroeSchattenHeinrichGeorge-83601.jpeg,Else_Elster,w
DergroeSchattenHeinrichGeorge-84473.jpeg,Hildegard_Knef,w
DergroeSchattenHeinrichGeorge-85286.jpeg,Walter_Gross,m
DergroeSchattenHeinrichGeorge-85470.jpeg,Ilse_Werner,w
DergroeSchattenHeinrichGeorge-86878.jpeg,Siegfried_Breuer,m
DergroeSchattenHeinrichGeorge-86989.jpeg,Eugen_Kloepfer,m
DergroeSchattenHeinrichGeorge-87489.jpeg,Maria_von_Tasnady,w
DergroeSchattenHeinrichGeorge-88676.jpeg,Willy_Eichberger,m
DergroeSchattenHeinrichGeorge-89116.jpeg,Luise_Ullrich,w
DergroeSchattenHeinrichGeorge-89710.jpeg,Werner_Fuetterer,m
DergroeSchattenHeinrichGeorge-89710.jpeg,Eric_Helgar,m
DergroeSchattenHeinrichGeorge-89960.jpeg,Christian_Gollong,m
DergroeSchattenHeinrichGeorge-89960.jpeg,Marika_Roekk,w
DergroeSchattenHeinrichGeorge-90210.jpeg,Hadrian_Maria_Netto,m
DergroeSchattenHeinrichGeorge-90924.jpeg,Hadrian_Maria_Netto,m
DergroeSchattenHeinrichGeorge-91424.jpeg,Hans_Unterkircher,m
DergroeSchattenHeinrichGeorge-91424.jpeg,Hilde_Sessak,w
DergroeSchattenHeinrichGeorge-92016.jpeg,Hadrian_Maria_Netto,m
DergroeSchattenHeinrichGeorge-92016.jpeg,Henry_Lorenzen,m
DergroeSchattenHeinrichGeorge-92516.jpeg,Hadrian_Maria_Netto,m
DergroeSchattenHeinrichGeorge-92516.jpeg,Walter_Gross,m
DergroeSchattenHeinrichGeorge-92766.jpeg,Gerta_Boettcher,w
DergroeSchattenHeinrichGeorge-93218.jpeg,Ilse_Werner,w
DergroeSchattenHeinrichGeorge-93218.jpeg,Willy_Birgel,m
DergroeSchattenHeinrichGeorge-94369.jpeg,Maria_von_Tasnady,w
DergroeSchattenHeinrichGeorge-95050.jpeg,Hadrian_Maria_Netto,m
DergroeSchattenHeinrichGeorge-95300.jpeg,Fritz_Eckert,m
DergroeSchattenHeinrichGeorge-96554.jpeg,Marianne_Simson,w
DergroeSchattenHeinrichGeorge-96626.jpeg,Guenther_Lueders,m
DergroeSchattenHeinrichGeorge-97020.jpeg,Hadrian_Maria_Netto,m
DergroeSchattenHeinrichGeorge-97385.jpeg,Dorit_Kreysler,w
DergroeSchattenHeinrichGeorge-97504.jpeg,Jaspar_von_Oertzen,m
DergroeSchattenHeinrichGeorge-97721.jpeg,Armin_Schweizer,m
DergroeSchattenHeinrichGeorge-97812.jpeg,Edith_Oss,w
DergroeSchattenHeinrichGeorge-98149.jpeg,Willy_Eichberger,m
DergroeSchattenHeinrichGeorge-98149.jpeg,Lothar_Firmans,m
DergroeSchattenHeinrichGeorge-98399.jpeg,Viktor_Afritsch,m
DergroeSchattenHeinrichGeorge-98399.jpeg,Hansi_Knoteck,w
DergroeSchattenHeinrichGeorge-98899.jpeg,Elfriede_Jerra,w
DergroeSchattenHeinrichGeorge-99378.jpeg,Fritz_Eckert,m
DergroeSchattenHeinrichGeorge-99454.jpeg,Ernst_Legal,m
DergroeSchattenHeinrichGeorge-99518.jpeg,Fritz_Eckert,m
