frame_name;actor;gender;p1;p2;p3;p4
50_50 (2011)-102240.jpeg;Anjelica_Huston;F;139;483;268;354
50_50 (2011)-102521.jpeg;Anjelica_Huston;F;92;533;199;426
50_50 (2011)-104578.jpeg;Anjelica_Huston;F;96;514;186;424
50_50 (2011)-104828.jpeg;Anjelica_Huston;F;126;534;216;444
50_50 (2011)-105328.jpeg;Anjelica_Huston;F;136;554;226;464
50_50 (2011)-105578.jpeg;Anjelica_Huston;F;128;569;235;462
50_50 (2011)-128692.jpeg;Anjelica_Huston;F;116;442;270;287
50_50 (2011)-129939.jpeg;Anjelica_Huston;F;81;339;236;184
50_50 (2011)-130721.jpeg;Anjelica_Huston;F;139;268;268;139
50_50 (2011)-13477.jpeg;Joseph_Gordon_Levitt;M;118;324;304;139
50_50 (2011)-136479.jpeg;Anna_Kendrick;F;116;322;270;167
50_50 (2011)-137262.jpeg;Anna_Kendrick;F;19;315;242;92
50_50 (2011)-137339.jpeg;Joseph_Gordon_Levitt;M;43;513;266;291
50_50 (2011)-17352.jpeg;Joseph_Gordon_Levitt;M;98;476;253;322
50_50 (2011)-18453.jpeg;Joseph_Gordon_Levitt;M;81;408;236;253
50_50 (2011)-19195.jpeg;Joseph_Gordon_Levitt;M;77;510;263;324
50_50 (2011)-21109.jpeg;Anjelica_Huston;F;68;199;175;91
50_50 (2011)-21675.jpeg;Anjelica_Huston;F;76;424;166;335
50_50 (2011)-22147.jpeg;Anjelica_Huston;F;82;468;211;339
50_50 (2011)-22393.jpeg;Anjelica_Huston;F;116;494;270;339
50_50 (2011)-22778.jpeg;Anjelica_Huston;F;125;497;254;368
50_50 (2011)-22896.jpeg;Joseph_Gordon_Levitt;M;81;322;236;167
50_50 (2011)-23162.jpeg;Anjelica_Huston;F;76;464;166;374
50_50 (2011)-23236.jpeg;Anjelica_Huston;F;56;462;163;354
50_50 (2011)-23398.jpeg;Anjelica_Huston;F;96;434;186;344
50_50 (2011)-23605.jpeg;Anjelica_Huston;F;96;511;225;382
50_50 (2011)-23810.jpeg;Anjelica_Huston;F;68;474;175;366
50_50 (2011)-27711.jpeg;Anna_Kendrick;F;66;305;156;215
50_50 (2011)-29592.jpeg;Anna_Kendrick;F;139;296;268;167
50_50 (2011)-29870.jpeg;Anna_Kendrick;F;80;223;187;115
50_50 (2011)-31054.jpeg;Joseph_Gordon_Levitt;M;80;426;187;318
50_50 (2011)-31281.jpeg;Joseph_Gordon_Levitt;M;92;462;199;354
50_50 (2011)-33476.jpeg;Joseph_Gordon_Levitt;M;76;384;166;295
50_50 (2011)-45577.jpeg;Joseph_Gordon_Levitt;M;116;442;270;287
50_50 (2011)-47121.jpeg;Joseph_Gordon_Levitt;M;77;489;263;304
50_50 (2011)-51524.jpeg;Joseph_Gordon_Levitt;M;86;484;176;394
50_50 (2011)-52064.jpeg;Joseph_Gordon_Levitt;M;98;425;253;270
50_50 (2011)-68775.jpeg;Joseph_Gordon_Levitt;M;86;205;176;116
50_50 (2011)-73994.jpeg;Anna_Kendrick;F;63;478;138;403
50_50 (2011)-74420.jpeg;Anna_Kendrick;F;63;519;138;444
50_50 (2011)-74930.jpeg;Anna_Kendrick;F;96;339;225;210
50_50 (2011)-80742.jpeg;Anna_Kendrick;F;146;454;236;364
50_50 (2011)-93117.jpeg;Joseph_Gordon_Levitt;M;86;424;176;335
50_50 (2011)-97648.jpeg;Anna_Kendrick;F;84;319;136;268
50_50 (2011)-99261.jpeg;Anna_Kendrick;F;76;335;166;245
AmericanFiction-122813.jpeg;Jeffrey_Wright;M;56;390;163;282
AmericanFiction-122939.jpeg;Jeffrey_Wright;M;56;366;163;259
AmericanFiction-126443.jpeg;Jeffrey_Wright;M;36;374;126;285
AmericanFiction-133182.jpeg;Sterling_K_Brown;M;56;464;146;374
AmericanFiction-133432.jpeg;Sterling_K_Brown;M;66;454;156;364
AmericanFiction-133868.jpeg;Sterling_K_Brown;M;66;454;156;364
AmericanFiction-139861.jpeg;Jeffrey_Wright;M;46;225;108;163
AmericanFiction-140102.jpeg;Jeffrey_Wright;M;47;245;121;171
AmericanFiction-140242.jpeg;Jeffrey_Wright;M;47;229;121;154
AmericanFiction-14195.jpeg;Jeffrey_Wright;M;46;255;136;165
AmericanFiction-141999.jpeg;Jeffrey_Wright;M;81;408;236;253
AmericanFiction-142728.jpeg;Jeffrey_Wright;M;47;254;121;179
AmericanFiction-142872.jpeg;Jeffrey_Wright;M;47;220;121;146
AmericanFiction-143171.jpeg;Jeffrey_Wright;M;47;220;121;146
AmericanFiction-149280.jpeg;Jeffrey_Wright;M;46;405;108;342
AmericanFiction-149657.jpeg;Jeffrey_Wright;M;80;363;142;301
AmericanFiction-27927.jpeg;Jeffrey_Wright;M;46;275;136;185
AmericanFiction-28056.jpeg;Jeffrey_Wright;M;82;296;211;167
AmericanFiction-48443.jpeg;Jeffrey_Wright;M;46;235;136;145
AmericanFiction-74664.jpeg;Jeffrey_Wright;M;68;474;175;366
AmericanFiction-82470.jpeg;Jeffrey_Wright;M;24;554;153;425
AmericanFiction-87477.jpeg;Jeffrey_Wright;M;86;265;176;175
AmericanFiction-87666.jpeg;Jeffrey_Wright;M;56;554;146;464
AMinecraftMovie-54168.jpeg;Jack_Black;M;96;320;171;245
AMinecraftMovie-82587.jpeg;Jack_Black;M;86;364;176;275
AMinecraftMovie-92038.jpeg;Jack_Black;M;76;394;166;305
Barbie-53033.jpeg;Will_Ferrell;M;80;414;187;306
Barbie-58182.jpeg;Ariana_Greenblatt;F;82;468;211;339
Barbie-58427.jpeg;Ariana_Greenblatt;F;67;440;196;311
Barbie-58721.jpeg;Ariana_Greenblatt;F;67;468;196;339
Barbie-59447.jpeg;Ariana_Greenblatt;F;82;483;211;354
Barbie-64118.jpeg;America_Ferrera;F;82;354;211;225
Barbie-77110.jpeg;Ariana_Greenblatt;F;96;239;225;110
Barbie-77533.jpeg;Ariana_Greenblatt;F;82;282;211;153
BirdmanorTheUnexpectedVirtueofIgnorance-150203.jpeg;Zach_Galifianakis;M;47;585;121;511
BirdmanorTheUnexpectedVirtueofIgnorance-22533.jpeg;Edward_Norton;M;47;356;202;201
BirdmanorTheUnexpectedVirtueofIgnorance-23243.jpeg;Edward_Norton;M;96;325;186;235
BirdmanorTheUnexpectedVirtueofIgnorance-49927.jpeg;Edward_Norton;M;118;315;341;92
BlackSwan-10487.jpeg;Natalie_Portman;F;67;440;196;311
BlackSwan-109987.jpeg;Natalie_Portman;F;81;408;236;253
BlackSwan-110677.jpeg;Natalie_Portman;F;0;442;150;287
BlackSwan-110790.jpeg;Natalie_Portman;F;17;352;60;309
BlackSwan-111512.jpeg;Vincent_Cassel;M;36;386;222;201
BlackSwan-111849.jpeg;Vincent_Cassel;M;36;324;222;139
BlackSwan-15686.jpeg;Vincent_Cassel;M;56;573;146;484
BlackSwan-15868.jpeg;Mila_Kunis;F;53;440;182;311
BlackSwan-25522.jpeg;Natalie_Portman;F;47;425;202;270
BlackSwan-41732.jpeg;Natalie_Portman;F;30;408;184;253
BlackSwan-60480.jpeg;Vincent_Cassel;M;57;345;242;159
BlackSwan-60806.jpeg;Vincent_Cassel;M;19;340;242;117
BlackSwan-61065.jpeg;Natalie_Portman;F;64;408;219;253
BlackSwan-61162.jpeg;Natalie_Portman;F;47;373;202;218
BlackSwan-6707.jpeg;Barbara_Hershey;F;24;368;153;239
BlackSwan-81640.jpeg;Barbara_Hershey;F;47;408;202;253
BlackSwan-90574.jpeg;Natalie_Portman;F;15;345;201;159
BlackSwan-91402.jpeg;Natalie_Portman;F;15;489;201;304
BlackSwan-92205.jpeg;Natalie_Portman;F;19;489;242;266
BlackSwan-92338.jpeg;Natalie_Portman;F;43;439;266;216
BlackSwan-9341.jpeg;Natalie_Portman;F;186;145;266;56
CrazyStupidLove-118251.jpeg;Lio_Tipton;F;53;382;182;253
CrazyStupidLove-137251.jpeg;Steve_Carell;M;77;675;263;489
CrazyStupidLove-141251.jpeg;Steve_Carell;M;81;614;236;459
CrazyStupidLove-153001.jpeg;Lio_Tipton;F;81;545;236;390
CrazyStupidLove-158751.jpeg;Lio_Tipton;F;81;511;236;356
CrazyStupidLove-162751.jpeg;Steve_Carell;M;39;540;168;411
CrazyStupidLove-164751.jpeg;Lio_Tipton;F;44;605;152;497
CrazyStupidLove-39501.jpeg;Steve_Carell;M;47;322;202;167
CrazyStupidLove-72251.jpeg;Lio_Tipton;F;64;390;219;236
CrazyStupidLove-85501.jpeg;Steve_Carell;M;82;425;211;296
CrazyStupidLove-85751.jpeg;Steve_Carell;M;82;411;211;282
CrazyStupidLove-90751.jpeg;Steve_Carell;M;82;669;211;540
CrazyStupidLove-91251.jpeg;Steve_Carell;M;82;626;211;497
DeadpoolWolverine-114420.jpeg;Hugh_Jackman;M;98;442;253;287
DeadpoolWolverine-121672.jpeg;Hugh_Jackman;M;0;669;313;348
DeadpoolWolverine-122365.jpeg;Emma_Corrin;F;0;669;313;348
DeadpoolWolverine-123176.jpeg;Emma_Corrin;F;23;587;290;319
DeadpoolWolverine-123652.jpeg;Hugh_Jackman;M;98;408;253;253
DeadpoolWolverine-124094.jpeg;Hugh_Jackman;M;116;442;270;287
DeadpoolWolverine-125088.jpeg;Hugh_Jackman;M;96;339;225;210
DeadpoolWolverine-125716.jpeg;Hugh_Jackman;M;81;442;236;287
DeadpoolWolverine-126311.jpeg;Hugh_Jackman;M;82;411;211;282
DeadpoolWolverine-133031.jpeg;Matthew_Macfadyen;M;47;511;121;436
DeadpoolWolverine-133669.jpeg;Emma_Corrin;F;182;755;311;626
DeadpoolWolverine-134249.jpeg;Emma_Corrin;F;57;386;242;201
DeadpoolWolverine-139975.jpeg;Ryan_Reynolds;M;67;440;196;311
DeadpoolWolverine-140092.jpeg;Ryan_Reynolds;M;78;233;130;181
DeadpoolWolverine-141464.jpeg;Ryan_Reynolds;M;68;557;175;450
DeadpoolWolverine-141752.jpeg;Ryan_Reynolds;M;36;531;222;345
DeadpoolWolverine-168182.jpeg;Hugh_Jackman;M;82;354;211;225
DeadpoolWolverine-28775.jpeg;Matthew_Macfadyen;M;80;617;187;509
DeadpoolWolverine-28899.jpeg;Matthew_Macfadyen;M;59;515;122;453
DeadpoolWolverine-29225.jpeg;Matthew_Macfadyen;M;66;487;129;425
DeadpoolWolverine-34393.jpeg;Matthew_Macfadyen;M;66;504;156;414
DeadpoolWolverine-36806.jpeg;Matthew_Macfadyen;M;67;504;118;452
DeadpoolWolverine-38045.jpeg;Matthew_Macfadyen;M;81;597;236;442
DeadpoolWolverine-38787.jpeg;Matthew_Macfadyen;M;76;603;166;514
DeadpoolWolverine-48288.jpeg;Matthew_Macfadyen;M;47;511;202;356
DeadpoolWolverine-53038.jpeg;Hugh_Jackman;M;0;557;260;290
DeadpoolWolverine-58086.jpeg;Aaron_Stanford;M;81;580;236;425
DeadpoolWolverine-62740.jpeg;Hugh_Jackman;M;0;587;260;319
DeadpoolWolverine-63320.jpeg;Hugh_Jackman;M;68;588;291;365
DeadpoolWolverine-69000.jpeg;Emma_Corrin;F;47;580;202;425
DeadpoolWolverine-69173.jpeg;Emma_Corrin;F;81;425;236;270
DeadpoolWolverine-70188.jpeg;Emma_Corrin;F;113;560;188;486
DeadpoolWolverine-70958.jpeg;Hugh_Jackman;M;110;397;239;268
DeadpoolWolverine-73814.jpeg;Emma_Corrin;F;68;538;291;315
DeadpoolWolverine-74817.jpeg;Emma_Corrin;F;96;612;225;483
DeadpoolWolverine-86181.jpeg;Ryan_Reynolds;M;82;454;211;325
DeadpoolWolverine-88676.jpeg;Hugh_Jackman;M;96;554;225;425
DeadpoolWolverine-89148.jpeg;Hugh_Jackman;M;81;442;236;287
DeadpoolWolverine-89526.jpeg;Hugh_Jackman;M;23;676;290;409
DeadpoolWolverine-90424.jpeg;Hugh_Jackman;M;23;676;290;409
DeadpoolWolverine-90936.jpeg;Hugh_Jackman;M;0;646;260;379
DeadpoolWolverine-91457.jpeg;Hugh_Jackman;M;0;676;260;409
DontLookUp-103234.jpeg;Rob_Morgan;M;77;655;263;469
DontLookUp-105954.jpeg;Meryl_Streep;F;63;705;384;384
DontLookUp-107374.jpeg;Leonardo_DiCaprio;M;104;700;211;593
DontLookUp-121779.jpeg;Meryl_Streep;F;118;513;341;291
DontLookUp-122417.jpeg;Meryl_Streep;F;19;563;242;340
DontLookUp-129435.jpeg;Cate_Blanchett;F;68;700;175;593
DontLookUp-130696.jpeg;Leonardo_DiCaprio;M;43;538;266;315
DontLookUp-133793.jpeg;Leonardo_DiCaprio;M;40;759;428;297
DontLookUp-153834.jpeg;Rob_Morgan;M;19;588;242;365
DontLookUp-168076.jpeg;Meryl_Streep;F;118;799;304;613
DontLookUp-26738.jpeg;Meryl_Streep;F;63;768;138;693
DontLookUp-28831.jpeg;Leonardo_DiCaprio;M;98;572;284;386
DontLookUp-28935.jpeg;Meryl_Streep;F;80;652;155;577
DontLookUp-29895.jpeg;Meryl_Streep;F;72;718;146;643
DontLookUp-31058.jpeg;Meryl_Streep;F;24;683;153;554
DontLookUp-31385.jpeg;Meryl_Streep;F;63;660;138;585
DontLookUp-33587.jpeg;Meryl_Streep;F;116;484;206;394
DontLookUp-40953.jpeg;Leonardo_DiCaprio;M;47;631;202;476
DontLookUp-41183.jpeg;Leonardo_DiCaprio;M;116;597;270;442
DontLookUp-53651.jpeg;Leonardo_DiCaprio;M;56;330;163;223
DontLookUp-54560.jpeg;Rob_Morgan;M;86;544;176;454
DontLookUp-55492.jpeg;Rob_Morgan;M;66;643;156;554
DontLookUp-61890.jpeg;Leonardo_DiCaprio;M;80;700;187;593
DontLookUp-62696.jpeg;Leonardo_DiCaprio;M;47;648;202;494
DontLookUp-63364.jpeg;Leonardo_DiCaprio;M;140;736;247;629
DontLookUp-71875.jpeg;Meryl_Streep;F;98;631;253;476
DontLookUp-77642.jpeg;Meryl_Streep;F;96;414;186;325
DontLookUp-80326.jpeg;Leonardo_DiCaprio;M;57;593;242;407
DontLookUp-88546.jpeg;Rob_Morgan;M;77;613;263;428
DontLookUp-90423.jpeg;Leonardo_DiCaprio;M;82;795;350;527
DontLookUp-92783.jpeg;Rob_Morgan;M;76;434;166;344
DontLookUp-94098.jpeg;Rob_Morgan;M;68;266;291;43
DontLookUp-95370.jpeg;Rob_Morgan;M;86;494;176;404
F1-130945.jpeg;Kerry_Condon;F;82;397;211;268
F1-132366.jpeg;Kerry_Condon;F;64;390;219;236
F1-133560.jpeg;Kerry_Condon;F;86;335;176;245
F1-16558.jpeg;Brad_Pitt;M;98;696;284;510
F1-36470.jpeg;Kerry_Condon;F;82;569;211;440
FiftyShadesofGrey-109277.jpeg;Jamie_Dornan;M;56;563;146;474
FiftyShadesofGrey-111782.jpeg;Jamie_Dornan;M;68;270;175;163
FiftyShadesofGrey-114174.jpeg;Dakota_Johnson;F;56;534;146;444
FiftyShadesofGrey-129104.jpeg;Jamie_Dornan;M;0;646;260;379
FiftyShadesofGrey-129842.jpeg;Jamie_Dornan;M;23;587;290;319
FiftyShadesofGrey-133899.jpeg;Dakota_Johnson;F;67;483;196;354
FiftyShadesofGrey-134239.jpeg;Dakota_Johnson;F;81;476;236;322
FiftyShadesofGrey-13739.jpeg;Dakota_Johnson;F;23;498;290;230
FiftyShadesofGrey-137949.jpeg;Jamie_Dornan;M;81;373;236;218
FiftyShadesofGrey-138194.jpeg;Jamie_Dornan;M;81;356;236;201
FiftyShadesofGrey-138489.jpeg;Jamie_Dornan;M;43;414;266;191
FiftyShadesofGrey-139162.jpeg;Jamie_Dornan;M;43;439;266;216
FiftyShadesofGrey-145581.jpeg;Jamie_Dornan;M;98;531;284;345
FiftyShadesofGrey-147128.jpeg;Jamie_Dornan;M;0;646;260;379
FiftyShadesofGrey-147393.jpeg;Jamie_Dornan;M;23;646;290;379
FiftyShadesofGrey-168064.jpeg;Jamie_Dornan;M;125;540;254;411
FiftyShadesofGrey-168414.jpeg;Jamie_Dornan;M;139;554;268;425
FiftyShadesofGrey-186462.jpeg;Dakota_Johnson;F;96;554;225;425
FiftyShadesofGrey-190649.jpeg;Dakota_Johnson;F;98;494;253;339
FiftyShadesofGrey-200869.jpeg;Jamie_Dornan;M;43;637;266;414
FiftyShadesofGrey-201417.jpeg;Dakota_Johnson;F;77;469;263;283
FiftyShadesofGrey-211981.jpeg;Dakota_Johnson;F;77;489;263;304
FiftyShadesofGrey-233857.jpeg;Jamie_Dornan;M;68;613;291;390
FiftyShadesofGrey-239260.jpeg;Dakota_Johnson;F;67;583;196;454
FiftyShadesofGrey-26441.jpeg;Jamie_Dornan;M;77;572;263;386
FiftyShadesofGrey-267721.jpeg;Jamie_Dornan;M;73;508;135;446
FiftyShadesofGrey-273349.jpeg;Dakota_Johnson;F;68;617;175;509
FiftyShadesofGrey-273867.jpeg;Jamie_Dornan;M;118;448;304;262
FiftyShadesofGrey-274580.jpeg;Dakota_Johnson;F;80;641;187;533
FiftyShadesofGrey-29507.jpeg;Jamie_Dornan;M;68;588;291;365
FiftyShadesofGrey-31309.jpeg;Jamie_Dornan;M;68;588;291;365
FiftyShadesofGrey-328474.jpeg;Dakota_Johnson;F;110;683;239;554
FiftyShadesofGrey-33363.jpeg;Jamie_Dornan;M;68;588;291;365
FiftyShadesofGrey-353477.jpeg;Dakota_Johnson;F;81;304;236;150
FiftyShadesofGrey-361062.jpeg;Dakota_Johnson;F;82;640;211;511
FiftyShadesofGrey-361940.jpeg;Dakota_Johnson;F;96;640;225;511
FiftyShadesofGrey-362431.jpeg;Jamie_Dornan;M;67;554;196;425
FiftyShadesofGrey-364400.jpeg;Dakota_Johnson;F;57;448;242;262
FiftyShadesofGrey-365977.jpeg;Jamie_Dornan;M;57;593;242;407
FiftyShadesofGrey-372093.jpeg;Jamie_Dornan;M;0;799;180;613
FiftyShadesofGrey-374232.jpeg;Dakota_Johnson;F;43;489;266;266
FiftyShadesofGrey-374713.jpeg;Dakota_Johnson;F;43;613;266;390
FiftyShadesofGrey-379795.jpeg;Dakota_Johnson;F;36;428;222;242
FiftyShadesofGrey-384414.jpeg;Dakota_Johnson;F;57;551;242;366
FiftyShadesofGrey-427694.jpeg;Jamie_Dornan;M;43;464;266;241
FiftyShadesofGrey-427944.jpeg;Jamie_Dornan;M;19;439;242;216
FiftyShadesofGrey-428372.jpeg;Jamie_Dornan;M;106;554;196;464
FiftyShadesofGrey-428598.jpeg;Jamie_Dornan;M;80;545;187;438
FiftyShadesofGrey-429303.jpeg;Jamie_Dornan;M;52;617;320;349
FiftyShadesofGrey-435191.jpeg;Jamie_Dornan;M;0;588;217;365
FiftyShadesofGrey-48803.jpeg;Dakota_Johnson;F;98;428;284;242
FiftyShadesofGrey-50603.jpeg;Jamie_Dornan;M;57;428;242;242
FiftyShadesofGrey-51071.jpeg;Dakota_Johnson;F;57;655;242;469
FiftyShadesofGrey-53521.jpeg;Jamie_Dornan;M;43;464;266;241
FiftyShadesofGrey-54702.jpeg;Jamie_Dornan;M;68;689;175;581
FiftyShadesofGrey-54977.jpeg;Jamie_Dornan;M;66;683;156;593
FiftyShadesofGrey-55485.jpeg;Jamie_Dornan;M;68;677;175;569
FiftyShadesofGrey-56974.jpeg;Jamie_Dornan;M;43;637;266;414
FiftyShadesofGrey-59137.jpeg;Jamie_Dornan;M;81;425;236;270
FiftyShadesofGrey-65338.jpeg;Jamie_Dornan;M;43;439;266;216
FiftyShadesofGrey-70220.jpeg;Jamie_Dornan;M;43;563;266;340
FiftyShadesofGrey-70561.jpeg;Jamie_Dornan;M;23;587;290;319
FrancesHa-100238.jpeg;Greta_Gerwig;F;56;497;163;390
FrancesHa-100402.jpeg;Greta_Gerwig;F;56;454;146;364
FrancesHa-100573.jpeg;Greta_Gerwig;F;56;485;163;378
FrancesHa-100642.jpeg;Greta_Gerwig;F;66;494;156;404
FrancesHa-100784.jpeg;Greta_Gerwig;F;66;474;156;384
FrancesHa-103820.jpeg;Mickey_Sumner;F;156;467;199;424
FrancesHa-11020.jpeg;Greta_Gerwig;F;59;425;122;363
FrancesHa-112144.jpeg;Greta_Gerwig;F;72;361;146;287
FrancesHa-113590.jpeg;Michael_Zegen;M;86;335;176;245
FrancesHa-113766.jpeg;Patrick_Heusinger;M;55;278;130;204
FrancesHa-117064.jpeg;Greta_Gerwig;F;81;339;236;184
FrancesHa-117128.jpeg;Mickey_Sumner;F;82;511;211;382
FrancesHa-13132.jpeg;Greta_Gerwig;F;63;419;138;345
FrancesHa-14632.jpeg;Greta_Gerwig;F;63;386;138;312
FrancesHa-14632.jpeg;Mickey_Sumner;F;86;305;176;215
FrancesHa-19471.jpeg;Greta_Gerwig;F;34;337;70;301
FrancesHa-20549.jpeg;Mickey_Sumner;F;63;287;138;212
FrancesHa-21325.jpeg;Greta_Gerwig;F;68;533;175;426
FrancesHa-21825.jpeg;Greta_Gerwig;F;104;533;211;426
FrancesHa-24623.jpeg;Greta_Gerwig;F;96;425;225;296
FrancesHa-24718.jpeg;Greta_Gerwig;F;116;442;270;287
FrancesHa-24859.jpeg;Greta_Gerwig;F;133;425;288;270
FrancesHa-25216.jpeg;Adam_Driver;M;98;390;253;236
FrancesHa-25258.jpeg;Greta_Gerwig;F;82;468;211;339
FrancesHa-30085.jpeg;Adam_Driver;M;55;377;107;325
FrancesHa-30514.jpeg;Greta_Gerwig;F;73;280;135;218
FrancesHa-30705.jpeg;Michael_Zegen;M;108;190;170;128
FrancesHa-30705.jpeg;Greta_Gerwig;F;108;543;170;481
FrancesHa-35332.jpeg;Michael_Zegen;M;101;176;163;114
FrancesHa-35556.jpeg;Michael_Zegen;M;87;170;149;107
FrancesHa-35683.jpeg;Greta_Gerwig;F;72;511;146;436
FrancesHa-35796.jpeg;Michael_Zegen;M;87;190;149;128
FrancesHa-35887.jpeg;Michael_Zegen;M;80;163;142;100
FrancesHa-35887.jpeg;Greta_Gerwig;F;63;511;138;436
FrancesHa-36017.jpeg;Adam_Driver;M;36;126;126;36
FrancesHa-36047.jpeg;Michael_Zegen;M;101;163;163;100
FrancesHa-36211.jpeg;Michael_Zegen;M;80;170;142;107
FrancesHa-36332.jpeg;Michael_Zegen;M;108;190;170;128
FrancesHa-36450.jpeg;Greta_Gerwig;F;88;494;163;419
FrancesHa-36598.jpeg;Michael_Zegen;M;94;176;156;114
FrancesHa-36712.jpeg;Michael_Zegen;M;88;187;163;113
FrancesHa-36775.jpeg;Michael_Zegen;M;94;176;156;114
FrancesHa-37636.jpeg;Michael_Zegen;M;46;363;108;301
FrancesHa-37876.jpeg;Greta_Gerwig;F;63;386;138;312
FrancesHa-38521.jpeg;Greta_Gerwig;F;92;438;199;330
FrancesHa-39021.jpeg;Greta_Gerwig;F;68;462;175;354
FrancesHa-39136.jpeg;Michael_Zegen;M;80;426;187;318
FrancesHa-39299.jpeg;Michael_Zegen;M;86;394;176;305
FrancesHa-40171.jpeg;Greta_Gerwig;F;63;378;138;303
FrancesHa-40386.jpeg;Greta_Gerwig;F;63;370;138;295
FrancesHa-47773.jpeg;Greta_Gerwig;F;55;436;130;361
FrancesHa-49286.jpeg;Patrick_Heusinger;M;32;282;140;175
FrancesHa-49575.jpeg;Greta_Gerwig;F;67;311;196;182
FrancesHa-51428.jpeg;Greta_Gerwig;F;47;403;121;328
FrancesHa-51965.jpeg;Mickey_Sumner;F;80;353;155;278
FrancesHa-53834.jpeg;Greta_Gerwig;F;104;593;211;485
FrancesHa-56581.jpeg;Michael_Zegen;M;76;245;166;155
FrancesHa-56728.jpeg;Michael_Zegen;M;96;328;171;254
FrancesHa-59565.jpeg;Greta_Gerwig;F;72;303;146;229
FrancesHa-65445.jpeg;Greta_Gerwig;F;80;478;155;403
FrancesHa-65597.jpeg;Greta_Gerwig;F;80;552;155;478
FrancesHa-66097.jpeg;Greta_Gerwig;F;94;536;156;474
FrancesHa-66234.jpeg;Greta_Gerwig;F;58;277;94;241
FrancesHa-67193.jpeg;Greta_Gerwig;F;88;552;163;478
FrancesHa-67443.jpeg;Greta_Gerwig;F;72;536;146;461
FrancesHa-67532.jpeg;Greta_Gerwig;F;96;519;171;444
FrancesHa-67768.jpeg;Greta_Gerwig;F;80;536;155;461
FrancesHa-68029.jpeg;Greta_Gerwig;F;73;515;135;453
FrancesHa-68161.jpeg;Greta_Gerwig;F;80;527;155;453
FrancesHa-68729.jpeg;Greta_Gerwig;F;88;502;163;428
FrancesHa-69211.jpeg;Greta_Gerwig;F;82;368;211;239
FrancesHa-69628.jpeg;Greta_Gerwig;F;110;425;239;296
FrancesHa-69781.jpeg;Greta_Gerwig;F;80;232;142;170
FrancesHa-70848.jpeg;Greta_Gerwig;F;81;339;236;184
FrancesHa-71471.jpeg;Greta_Gerwig;F;82;440;211;311
FrancesHa-71971.jpeg;Greta_Gerwig;F;67;425;196;296
FrancesHa-72525.jpeg;Greta_Gerwig;F;67;425;196;296
FrancesHa-72775.jpeg;Greta_Gerwig;F;53;425;182;296
FrancesHa-73275.jpeg;Greta_Gerwig;F;82;440;211;311
FrancesHa-75031.jpeg;Greta_Gerwig;F;80;366;187;259
FrancesHa-75170.jpeg;Greta_Gerwig;F;80;354;187;247
FrancesHa-75451.jpeg;Greta_Gerwig;F;68;294;175;187
FrancesHa-75572.jpeg;Greta_Gerwig;F;68;282;175;175
FrancesHa-75697.jpeg;Greta_Gerwig;F;80;294;187;187
FrancesHa-75907.jpeg;Greta_Gerwig;F;68;354;175;247
FrancesHa-76332.jpeg;Greta_Gerwig;F;44;306;152;199
FrancesHa-7641.jpeg;Greta_Gerwig;F;53;391;115;328
FrancesHa-80148.jpeg;Greta_Gerwig;F;87;259;149;197
FrancesHa-80556.jpeg;Greta_Gerwig;F;55;295;98;252
FrancesHa-8179.jpeg;Greta_Gerwig;F;59;418;122;356
FrancesHa-83253.jpeg;Greta_Gerwig;F;67;397;196;268
FrancesHa-84635.jpeg;Greta_Gerwig;F;67;411;196;282
FrancesHa-88992.jpeg;Greta_Gerwig;F;66;255;156;165
FrancesHa-89965.jpeg;Greta_Gerwig;F;56;275;146;185
FrancesHa-90131.jpeg;Greta_Gerwig;F;56;265;146;175
FrancesHa-90367.jpeg;Greta_Gerwig;F;56;255;146;165
FrancesHa-94067.jpeg;Greta_Gerwig;F;96;395;171;320
FrancesHa-94108.jpeg;Greta_Gerwig;F;96;386;171;312
FrancesHa-96914.jpeg;Greta_Gerwig;F;82;411;211;282
FrancesHa-98469.jpeg;Greta_Gerwig;F;80;426;187;318
FrancesHa-99851.jpeg;Greta_Gerwig;F;56;497;163;390
GoodFortune-118073.jpeg;Keanu_Reeves;M;81;528;236;373
GoodFortune-121018.jpeg;Aziz_Ansari;M;57;386;242;201
GoodFortune-15280.jpeg;Keanu_Reeves;M;81;425;236;270
GoodFortune-18064.jpeg;Aziz_Ansari;M;68;294;175;187
GoodFortune-19907.jpeg;Aziz_Ansari;M;76;305;166;215
GoodFortune-20098.jpeg;Aziz_Ansari;M;76;295;166;205
GoodFortune-33106.jpeg;Aziz_Ansari;M;68;464;291;241
GoodFortune-34260.jpeg;Aziz_Ansari;M;23;468;290;200
GoodFortune-41730.jpeg;Keanu_Reeves;M;56;255;146;165
GoodFortune-42172.jpeg;Keanu_Reeves;M;56;275;146;185
GoodFortune-4561.jpeg;Aditya_Geddada;M;32;462;140;354
GoodFortune-51055.jpeg;Aziz_Ansari;M;56;384;146;295
GoodFortune-51277.jpeg;Aziz_Ansari;M;36;374;126;285
GoodFortune-55921.jpeg;Aziz_Ansari;M;68;354;175;247
GoodFortune-59993.jpeg;Keanu_Reeves;M;80;378;187;270
GoodFortune-63699.jpeg;Keanu_Reeves;M;56;305;146;215
GoodFortune-95373.jpeg;Blanca_Araceli;F;81;459;236;304
Gravity-101993.jpeg;Sandra_Bullock;F;92;617;199;509
Gravity-103422.jpeg;Sandra_Bullock;F;80;569;187;462
Gravity-103672.jpeg;Sandra_Bullock;F;82;583;211;454
Gravity-104295.jpeg;Sandra_Bullock;F;140;641;247;533
Gravity-104545.jpeg;Sandra_Bullock;F;116;653;223;545
Gravity-64705.jpeg;Sandra_Bullock;F;116;631;270;476
Gravity-71621.jpeg;Sandra_Bullock;F;140;378;247;270
Gravity-82333.jpeg;Sandra_Bullock;F;110;554;239;425
Gravity-96304.jpeg;George_Clooney;M;80;453;142;391
Gravity-98304.jpeg;Sandra_Bullock;F;96;325;186;235
Gravity-98804.jpeg;Sandra_Bullock;F;168;325;297;196
Her-102154.jpeg;Joaquin_Phoenix;M;43;489;266;266
Her-10470.jpeg;Joaquin_Phoenix;M;68;439;291;216
Her-105135.jpeg;Joaquin_Phoenix;M;43;414;266;191
Her-126453.jpeg;Joaquin_Phoenix;M;73;349;135;287
Her-127203.jpeg;Joaquin_Phoenix;M;81;425;236;270
Her-127703.jpeg;Joaquin_Phoenix;M;52;498;320;230
Her-128508.jpeg;Joaquin_Phoenix;M;0;526;313;205
Her-128758.jpeg;Joaquin_Phoenix;M;0;526;313;205
Her-129008.jpeg;Joaquin_Phoenix;M;0;526;313;205
Her-129258.jpeg;Joaquin_Phoenix;M;0;526;313;205
Her-129508.jpeg;Joaquin_Phoenix;M;0;468;260;200
Her-130180.jpeg;Joaquin_Phoenix;M;36;345;222;159
Her-137324.jpeg;Joaquin_Phoenix;M;43;414;266;191
Her-152111.jpeg;Joaquin_Phoenix;M;77;428;263;242
Her-164835.jpeg;Joaquin_Phoenix;M;64;287;219;132
Her-164973.jpeg;Joaquin_Phoenix;M;81;322;236;167
Her-165073.jpeg;Amy_Adams;F;81;494;236;339
Her-165150.jpeg;Joaquin_Phoenix;M;82;282;211;153
Her-167860.jpeg;Joaquin_Phoenix;M;82;354;211;225
Her-36233.jpeg;Rooney_Mara;F;166;384;255;295
Her-46762.jpeg;Olivia_Wilde;F;88;486;163;411
Her-47926.jpeg;Olivia_Wilde;F;64;476;219;322
Her-49298.jpeg;Olivia_Wilde;F;81;511;236;356
Her-54455.jpeg;Olivia_Wilde;F;98;469;284;283
Her-5713.jpeg;Joaquin_Phoenix;M;98;428;284;242
Her-71023.jpeg;Joaquin_Phoenix;M;43;414;266;191
Her-71433.jpeg;Rooney_Mara;F;36;386;222;201
Her-71613.jpeg;Rooney_Mara;F;67;454;196;325
Her-71921.jpeg;Joaquin_Phoenix;M;19;414;242;191
Her-72056.jpeg;Joaquin_Phoenix;M;39;411;168;282
Her-73060.jpeg;Joaquin_Phoenix;M;57;386;242;201
Her-76450.jpeg;Amy_Adams;F;116;442;270;287
Her-76760.jpeg;Amy_Adams;F;67;468;196;339
Her-77148.jpeg;Joaquin_Phoenix;M;96;282;225;153
Her-77323.jpeg;Joaquin_Phoenix;M;64;304;219;150
Her-93398.jpeg;Rooney_Mara;F;118;531;304;345
Interstellar-100556.jpeg;Matthew_McConaughey;M;180;469;366;283
Interstellar-100661.jpeg;Matthew_McConaughey;M;201;489;387;304
Interstellar-108254.jpeg;Anne_Hathaway;F;139;551;325;366
Interstellar-111619.jpeg;Matthew_McConaughey;M;127;578;170;535
Interstellar-117605.jpeg;Matthew_McConaughey;M;82;587;350;319
Interstellar-125830.jpeg;Anne_Hathaway;F;168;612;297;483
Interstellar-126245.jpeg;Anne_Hathaway;F;167;614;322;459
Interstellar-126825.jpeg;Anne_Hathaway;F;139;572;325;386
Interstellar-142248.jpeg;Matthew_McConaughey;M;184;425;339;270
Interstellar-147657.jpeg;Matthew_McConaughey;M;150;648;305;494
Interstellar-153744.jpeg;Matthew_McConaughey;M;139;531;325;345
Interstellar-154218.jpeg;Matthew_McConaughey;M;160;510;345;324
Interstellar-154354.jpeg;Matthew_McConaughey;M;150;476;305;322
Interstellar-154487.jpeg;Matthew_McConaughey;M;139;510;325;324
Interstellar-15735.jpeg;Matthew_McConaughey;M;187;354;295;247
Interstellar-17456.jpeg;Matthew_McConaughey;M;175;330;283;223
Interstellar-174705.jpeg;Matthew_McConaughey;M;160;551;345;366
Interstellar-183434.jpeg;Matthew_McConaughey;M;180;551;366;366
Interstellar-183659.jpeg;Matthew_McConaughey;M;118;563;341;340
Interstellar-183868.jpeg;Anne_Hathaway;F;167;511;322;356
Interstellar-230828.jpeg;Matthew_McConaughey;M;112;557;379;290
Interstellar-232222.jpeg;Matthew_McConaughey;M;82;676;350;409
Interstellar-36068.jpeg;Matthew_McConaughey;M;167;580;322;425
Interstellar-37209.jpeg;Anne_Hathaway;F;146;411;221;337
Interstellar-37395.jpeg;Anne_Hathaway;F;128;426;235;318
Interstellar-37545.jpeg;Anne_Hathaway;F;126;464;216;374
Interstellar-38913.jpeg;Matthew_McConaughey;M;140;593;247;485
Interstellar-39382.jpeg;Anne_Hathaway;F;153;511;282;382
Interstellar-40040.jpeg;Anne_Hathaway;F;128;581;235;474
Interstellar-40488.jpeg;Matthew_McConaughey;M;182;540;311;411
Interstellar-40576.jpeg;Matthew_McConaughey;M;168;339;297;210
Interstellar-43081.jpeg;Matthew_McConaughey;M;166;424;255;335
Interstellar-43244.jpeg;Matthew_McConaughey;M;116;511;270;356
Interstellar-43554.jpeg;Matthew_McConaughey;M;116;511;270;356
Interstellar-44086.jpeg;Matthew_McConaughey;M;133;511;288;356
Interstellar-45688.jpeg;David_Gyasi;M;104;593;211;485
Interstellar-47668.jpeg;Wes_Bentley;M;153;425;282;296
Interstellar-50398.jpeg;Matthew_McConaughey;M;149;716;211;653
Interstellar-64775.jpeg;Anne_Hathaway;F;98;489;284;304
Interstellar-73895.jpeg;Matthew_McConaughey;M;118;513;341;291
Interstellar-74351.jpeg;Matthew_McConaughey;M;118;414;341;191
Interstellar-74606.jpeg;Matthew_McConaughey;M;160;448;345;262
Interstellar-74816.jpeg;Matthew_McConaughey;M;160;428;345;242
Interstellar-81438.jpeg;David_Gyasi;M;167;390;322;236
Interstellar-91324.jpeg;Wes_Bentley;M;140;593;247;485
Interstellar-92195.jpeg;Wes_Bentley;M;136;524;226;434
Interstellar-93194.jpeg;Anne_Hathaway;F;153;583;282;454
Interstellar-93345.jpeg;Anne_Hathaway;F;139;569;268;440
Interstellar-95520.jpeg;Matthew_McConaughey;M;118;588;341;365
Interstellar-95703.jpeg;Matthew_McConaughey;M;118;563;341;340
KnivesOut-102953.jpeg;Daniel_Craig;M;68;270;175;163
KnivesOut-14690.jpeg;Lakeith_Stanfield;M;101;280;163;218
KnivesOut-158386.jpeg;Lakeith_Stanfield;M;53;296;182;167
KnivesOut-16000.jpeg;Lakeith_Stanfield;M;82;325;211;196
KnivesOut-164756.jpeg;Daniel_Craig;M;43;489;266;266
KnivesOut-169564.jpeg;Lakeith_Stanfield;M;86;364;176;275
KnivesOut-18206.jpeg;Lakeith_Stanfield;M;96;339;225;210
KnivesOut-21200.jpeg;Daniel_Craig;M;56;305;146;215
KnivesOut-21702.jpeg;Daniel_Craig;M;66;325;156;235
KnivesOut-30261.jpeg;Daniel_Craig;M;68;414;291;191
KnivesOut-31796.jpeg;Daniel_Craig;M;98;386;284;201
KnivesOut-37166.jpeg;Daniel_Craig;M;23;468;290;200
KnivesOut-46307.jpeg;Lakeith_Stanfield;M;96;382;225;253
KnivesOut-65281.jpeg;Daniel_Craig;M;46;364;136;275
KnivesOut-65601.jpeg;Daniel_Craig;M;53;397;182;268
KnivesOut-66371.jpeg;Daniel_Craig;M;57;448;242;262
KnivesOut-66580.jpeg;Daniel_Craig;M;81;442;236;287
KnivesOut-6807.jpeg;Ana_de_Armas;F;68;489;291;266
KnivesOut-88773.jpeg;Daniel_Craig;M;64;373;219;218
KnivesOut-9089.jpeg;Lakeith_Stanfield;M;96;339;225;210
KnivesOut-94537.jpeg;Daniel_Craig;M;44;462;152;354
MoonriseKingdom-104001.jpeg;Kara_Hayward;F;213;353;287;278
MoonriseKingdom-108751.jpeg;Jared_Gilman;M;142;588;365;365
MoonriseKingdom-119001.jpeg;Frances_McDormand;F;196;468;325;339
MoonriseKingdom-119001.jpeg;Bill_Murray;M;80;665;187;557
MoonriseKingdom-125251.jpeg;Frances_McDormand;F;270;442;425;287
MoonriseKingdom-129251.jpeg;Kara_Hayward;F;64;528;219;373
MoonriseKingdom-26001.jpeg;Kara_Hayward;F;0;788;540;233
MoonriseKingdom-28501.jpeg;Jared_Gilman;M;118;593;304;407
MoonriseKingdom-37001.jpeg;Kara_Hayward;F;59;667;122;605
MoonriseKingdom-37751.jpeg;Kara_Hayward;F;125;569;254;440
MoonriseKingdom-38001.jpeg;Kara_Hayward;F;64;562;219;408
MoonriseKingdom-41251.jpeg;Kara_Hayward;F;98;580;253;425
MoonriseKingdom-42251.jpeg;Kara_Hayward;F;134;633;455;312
MoonriseKingdom-43001.jpeg;Kara_Hayward;F;133;580;288;425
MoonriseKingdom-43251.jpeg;Kara_Hayward;F;149;494;211;432
MoonriseKingdom-47751.jpeg;Frances_McDormand;F;216;514;305;424
MoonriseKingdom-52501.jpeg;Kara_Hayward;F;50;674;94;631
MoonriseKingdom-57251.jpeg;Kara_Hayward;F;222;407;407;221
MoonriseKingdom-57501.jpeg;Kara_Hayward;F;222;407;407;221
MoonriseKingdom-59751.jpeg;Bill_Murray;M;92;270;199;163
MoonriseKingdom-59751.jpeg;Frances_McDormand;F;188;428;262;353
MoonriseKingdom-61751.jpeg;Jared_Gilman;M;152;545;259;438
MoonriseKingdom-62001.jpeg;Kara_Hayward;F;68;613;291;390
MoonriseKingdom-62751.jpeg;Kara_Hayward;F;199;354;307;247
MoonriseKingdom-63751.jpeg;Kara_Hayward;F;234;561;270;525
MoonriseKingdom-65251.jpeg;Jared_Gilman;M;0;707;451;245
MoonriseKingdom-65751.jpeg;Jared_Gilman;M;0;632;376;247
MoonriseKingdom-66751.jpeg;Kara_Hayward;F;33;803;418;418
MoonriseKingdom-6751.jpeg;Kara_Hayward;F;139;593;325;407
MoonriseKingdom-73501.jpeg;Kara_Hayward;F;198;557;260;494
MoonriseKingdom-73501.jpeg;Frances_McDormand;F;146;345;221;270
MoonriseKingdom-79501.jpeg;Frances_McDormand;F;110;870;239;741
MoonriseKingdom-79751.jpeg;Kara_Hayward;F;253;580;408;425
MoonriseKingdom-79751.jpeg;Frances_McDormand;F;96;870;225;741
MoonriseKingdom-95751.jpeg;Kara_Hayward;F;96;569;225;440
MyFault-58009.jpeg;Gabriel_Guevara;M;77;593;263;407
MyFault-6843.jpeg;Ivan_Sanchez;M;86;275;176;185
MyFault-74592.jpeg;Ivan_Sanchez;M;96;526;225;397
MyFault-90889.jpeg;Marta_Hazas;F;76;305;166;215
MyFault-91337.jpeg;Marta_Hazas;F;82;554;211;425
PeopleWeMeetonVacation-10777.jpeg;Tom_Blyth;M;92;438;199;330
PeopleWeMeetonVacation-12036.jpeg;Tom_Blyth;M;110;339;239;210
PeopleWeMeetonVacation-12109.jpeg;Tom_Blyth;M;105;527;179;453
PeopleWeMeetonVacation-151233.jpeg;Tom_Blyth;M;106;394;196;305
PeopleWeMeetonVacation-152556.jpeg;Tom_Blyth;M;82;411;211;282
PeopleWeMeetonVacation-46527.jpeg;Tom_Blyth;M;116;315;206;225
PitchPerfect-10620.jpeg;Rebel_Wilson;F;67;354;196;225
PitchPerfect-109498.jpeg;Brittany_Snow;F;82;225;211;96
PitchPerfect-113331.jpeg;Brittany_Snow;F;81;494;236;339
PitchPerfect-11616.jpeg;Anna_Kendrick;F;115;494;177;432
PitchPerfect-117301.jpeg;Anna_Kendrick;F;76;474;166;384
PitchPerfect-120186.jpeg;Anna_Kendrick;F;86;484;176;394
PitchPerfect-120526.jpeg;Rebel_Wilson;F;72;287;146;212
PitchPerfect-121054.jpeg;Brittany_Snow;F;55;239;107;187
PitchPerfect-121822.jpeg;Brittany_Snow;F;98;425;253;270
PitchPerfect-121901.jpeg;Rebel_Wilson;F;63;270;138;196
PitchPerfect-122914.jpeg;Rebel_Wilson;F;53;405;115;342
PitchPerfect-122914.jpeg;Anna_Kendrick;F;234;201;270;165
PitchPerfect-123064.jpeg;Anna_Kendrick;F;245;210;297;158
PitchPerfect-123567.jpeg;Brittany_Snow;F;81;390;236;236
PitchPerfect-128377.jpeg;Rebel_Wilson;F;96;378;171;303
PitchPerfect-130322.jpeg;Anna_Kendrick;F;77;366;263;180
PitchPerfect-130687.jpeg;Anna_Kendrick;F;146;536;221;461
PitchPerfect-131186.jpeg;Anna_Kendrick;F;146;544;236;454
PitchPerfect-144526.jpeg;Anna_Kendrick;F;78;296;130;245
PitchPerfect-15058.jpeg;Anna_Kendrick;F;73;204;135;142
PitchPerfect-157390.jpeg;Brittany_Snow;F;56;454;146;364
PitchPerfect-158236.jpeg;Anna_Kendrick;F;65;491;108;448
PitchPerfect-27426.jpeg;Anna_Kendrick;F;72;254;146;179
PitchPerfect-28464.jpeg;Anna_Kendrick;F;47;278;121;204
PitchPerfect-28654.jpeg;Anna_Kendrick;F;56;344;146;255
PitchPerfect-31770.jpeg;Brittany_Snow;F;88;419;163;345
PitchPerfect-33133.jpeg;Brittany_Snow;F;57;407;242;221
PitchPerfect-33329.jpeg;Brittany_Snow;F;96;440;225;311
PitchPerfect-34460.jpeg;Rebel_Wilson;F;76;524;166;434
PitchPerfect-35890.jpeg;Brittany_Snow;F;92;354;199;247
PitchPerfect-37390.jpeg;Anna_Kendrick;F;80;450;187;342
PitchPerfect-38578.jpeg;Rebel_Wilson;F;59;315;122;252
PitchPerfect-45505.jpeg;Brittany_Snow;F;63;245;138;171
PitchPerfect-45918.jpeg;Anna_Kendrick;F;82;454;211;325
PitchPerfect-46395.jpeg;Anna_Kendrick;F;92;557;199;450
PitchPerfect-47279.jpeg;Anna_Kendrick;F;96;440;225;311
PitchPerfect-53068.jpeg;Anna_Kendrick;F;63;229;138;154
PitchPerfect-54699.jpeg;Anna_Kendrick;F;88;345;163;270
PitchPerfect-55439.jpeg;Anna_Kendrick;F;80;247;187;139
PitchPerfect-55731.jpeg;Anna_Kendrick;F;80;282;187;175
PitchPerfect-56148.jpeg;Anna_Kendrick;F;86;305;176;215
PitchPerfect-58203.jpeg;Rebel_Wilson;F;76;414;166;325
PitchPerfect-58801.jpeg;Anna_Kendrick;F;68;378;175;270
PitchPerfect-61747.jpeg;Anna_Kendrick;F;56;354;146;265
PitchPerfect-66544.jpeg;Anna_Kendrick;F;80;328;155;254
PitchPerfect-70835.jpeg;Anna_Kendrick;F;106;514;196;424
PitchPerfect-7235.jpeg;Rebel_Wilson;F;82;354;211;225
PitchPerfect-80679.jpeg;Anna_Kendrick;F;63;245;138;171
PitchPerfect-80843.jpeg;Anna_Kendrick;F;63;254;138;179
PitchPerfect-81087.jpeg;Anna_Kendrick;F;63;254;138;179
PitchPerfect-81236.jpeg;Anna_Kendrick;F;63;254;138;179
PitchPerfect-81506.jpeg;Anna_Kendrick;F;63;245;138;171
PitchPerfect-81658.jpeg;Anna_Kendrick;F;55;262;130;187
PitchPerfect-84813.jpeg;Anna_Kendrick;F;81;322;236;167
PitchPerfect-85081.jpeg;Anna_Kendrick;F;81;339;236;184
PitchPerfect-85297.jpeg;Anna_Kendrick;F;81;322;236;167
PitchPerfect-85549.jpeg;Rebel_Wilson;F;49;423;101;371
PitchPerfect-85681.jpeg;Rebel_Wilson;F;77;448;263;262
PitchPerfect-86496.jpeg;Anna_Kendrick;F;98;356;253;201
PitchPerfect-86650.jpeg;Anna_Kendrick;F;98;322;253;167
PitchPerfect-87687.jpeg;Anna_Kendrick;F;94;425;156;363
PitchPerfect-91684.jpeg;Rebel_Wilson;F;47;469;121;395
Playdate-103236.jpeg;Alan_Ritchson;M;67;279;118;227
Playdate-103995.jpeg;Alan_Ritchson;M;80;509;187;402
Playdate-104439.jpeg;Alan_Ritchson;M;53;494;115;432
Playdate-104500.jpeg;Alan_Ritchson;M;26;573;116;484
Playdate-106629.jpeg;Alan_Ritchson;M;39;536;101;474
Playdate-106743.jpeg;Alan_Ritchson;M;65;467;108;424
Playdate-107623.jpeg;Alan_Ritchson;M;38;296;90;245
Playdate-108673.jpeg;Alan_Ritchson;M;44;285;95;233
Playdate-109813.jpeg;Alan_Tudyk;M;70;461;106;425
Playdate-110476.jpeg;Alan_Ritchson;M;68;354;175;247
Playdate-110683.jpeg;Alan_Ritchson;M;68;330;175;223
Playdate-110866.jpeg;Alan_Ritchson;M;67;411;196;282
Playdate-111111.jpeg;Alan_Ritchson;M;82;382;211;253
Playdate-11190.jpeg;Kevin_James;M;56;378;163;270
Playdate-112386.jpeg;Alan_Ritchson;M;92;366;199;259
Playdate-112636.jpeg;Alan_Ritchson;M;67;368;196;239
Playdate-112825.jpeg;Alan_Ritchson;M;68;402;175;294
Playdate-112944.jpeg;Alan_Ritchson;M;53;382;182;253
Playdate-113219.jpeg;Alan_Ritchson;M;68;378;175;270
Playdate-113343.jpeg;Alan_Ritchson;M;67;411;196;282
Playdate-113652.jpeg;Alan_Ritchson;M;67;382;196;253
Playdate-113719.jpeg;Alan_Ritchson;M;82;397;211;268
Playdate-114321.jpeg;Alan_Ritchson;M;128;462;235;354
Playdate-114668.jpeg;Alan_Ritchson;M;66;325;156;235
Playdate-114975.jpeg;Alan_Ritchson;M;46;536;108;474
Playdate-115784.jpeg;Alan_Ritchson;M;60;338;103;295
Playdate-115883.jpeg;Alan_Ritchson;M;67;291;118;239
Playdate-116157.jpeg;Alan_Ritchson;M;72;353;146;278
Playdate-116800.jpeg;Alan_Ritchson;M;116;485;223;378
Playdate-119724.jpeg;Alan_Ritchson;M;98;408;253;253
Playdate-119996.jpeg;Alan_Tudyk;M;36;285;126;195
Playdate-121451.jpeg;Kevin_James;M;47;511;121;436
Playdate-121780.jpeg;Alan_Ritchson;M;57;428;242;242
Playdate-12246.jpeg;Kevin_James;M;82;368;211;239
Playdate-12359.jpeg;Sarah_Chalke;F;92;533;199;426
Playdate-124093.jpeg;Alan_Ritchson;M;94;363;156;301
Playdate-124150.jpeg;Kevin_James;M;36;354;126;265
Playdate-124400.jpeg;Alan_Ritchson;M;88;353;163;278
Playdate-124534.jpeg;Alan_Ritchson;M;94;335;156;273
Playdate-15537.jpeg;Isla_Fisher;F;67;394;118;343
Playdate-16165.jpeg;Isla_Fisher;F;56;509;163;402
Playdate-16295.jpeg;Isla_Fisher;F;66;524;156;434
Playdate-16451.jpeg;Isla_Fisher;F;66;514;156;424
Playdate-16857.jpeg;Isla_Fisher;F;68;485;175;378
Playdate-17055.jpeg;Isla_Fisher;F;66;474;156;384
Playdate-17547.jpeg;Kevin_James;M;67;311;196;182
Playdate-18144.jpeg;Isla_Fisher;F;146;461;182;425
Playdate-20922.jpeg;Alan_Ritchson;M;26;563;116;474
Playdate-20985.jpeg;Alan_Ritchson;M;55;494;130;419
Playdate-21325.jpeg;Alan_Ritchson;M;39;511;168;382
Playdate-21696.jpeg;Alan_Ritchson;M;39;483;168;354
Playdate-22401.jpeg;Alan_Ritchson;M;47;502;121;428
Playdate-22589.jpeg;Alan_Ritchson;M;55;478;130;403
Playdate-25250.jpeg;Alan_Ritchson;M;82;440;211;311
Playdate-25443.jpeg;Alan_Ritchson;M;96;368;225;239
Playdate-26784.jpeg;Alan_Ritchson;M;36;510;222;324
Playdate-28983.jpeg;Alan_Ritchson;M;76;524;166;434
Playdate-29122.jpeg;Alan_Ritchson;M;92;438;199;330
Playdate-30507.jpeg;Alan_Ritchson;M;66;563;156;474
Playdate-31313.jpeg;Alan_Ritchson;M;67;468;196;339
Playdate-31447.jpeg;Alan_Ritchson;M;110;425;239;296
Playdate-31591.jpeg;Alan_Ritchson;M;81;442;236;287
Playdate-35944.jpeg;Kevin_James;M;56;259;163;151
Playdate-36142.jpeg;Kevin_James;M;53;268;182;139
Playdate-36291.jpeg;Kevin_James;M;53;239;182;110
Playdate-36371.jpeg;Kevin_James;M;81;390;236;236
Playdate-38126.jpeg;Alan_Ritchson;M;64;270;219;115
Playdate-38187.jpeg;Alan_Ritchson;M;26;205;116;116
Playdate-42993.jpeg;Alan_Ritchson;M;57;593;242;407
Playdate-43775.jpeg;Alan_Ritchson;M;36;510;222;324
Playdate-43832.jpeg;Alan_Ritchson;M;43;513;266;291
Playdate-48801.jpeg;Alan_Ritchson;M;92;521;199;414
Playdate-49150.jpeg;Alan_Ritchson;M;47;631;202;476
Playdate-50364.jpeg;Alan_Ritchson;M;39;368;168;239
Playdate-50463.jpeg;Alan_Ritchson;M;77;531;263;345
Playdate-52544.jpeg;Alan_Ritchson;M;67;325;196;196
Playdate-54010.jpeg;Alan_Ritchson;M;67;325;196;196
Playdate-55984.jpeg;Alan_Ritchson;M;43;464;266;241
Playdate-58412.jpeg;Alan_Ritchson;M;80;318;187;211
Playdate-58809.jpeg;Alan_Ritchson;M;81;408;236;253
Playdate-59101.jpeg;Alan_Ritchson;M;57;407;242;221
Playdate-62286.jpeg;Alan_Ritchson;M;0;637;217;414
Playdate-62731.jpeg;Alan_Ritchson;M;67;468;196;339
Playdate-63337.jpeg;Alan_Ritchson;M;43;390;266;167
Playdate-63514.jpeg;Alan_Ritchson;M;68;390;291;167
Playdate-64852.jpeg;Kevin_James;M;0;617;260;349
Playdate-65352.jpeg;Kevin_James;M;43;513;266;291
Playdate-65527.jpeg;Alan_Ritchson;M;43;390;266;167
Playdate-67551.jpeg;Alan_Ritchson;M;64;459;219;304
Playdate-67650.jpeg;Alan_Ritchson;M;82;425;211;296
Playdate-68298.jpeg;Alan_Ritchson;M;80;378;187;270
Playdate-69346.jpeg;Alan_Ritchson;M;53;397;182;268
Playdate-69662.jpeg;Alan_Ritchson;M;67;368;196;239
Playdate-70629.jpeg;Kevin_James;M;47;390;202;236
Playdate-70705.jpeg;Kevin_James;M;47;408;202;253
Playdate-72325.jpeg;Alan_Ritchson;M;43;390;266;167
Playdate-76029.jpeg;Alan_Ritchson;M;64;236;219;81
Playdate-77237.jpeg;Alan_Ritchson;M;57;366;242;180
Playdate-77643.jpeg;Alan_Ritchson;M;64;356;219;201
Playdate-78313.jpeg;Kevin_James;M;135;577;198;515
Playdate-79279.jpeg;Alan_Ritchson;M;36;603;126;514
Playdate-81594.jpeg;Alan_Ritchson;M;76;424;166;335
Playdate-82568.jpeg;Alan_Ritchson;M;68;533;175;426
Playdate-83087.jpeg;Alan_Ritchson;M;56;545;163;438
Playdate-83462.jpeg;Alan_Ritchson;M;56;521;163;414
Playdate-83722.jpeg;Alan_Ritchson;M;36;504;126;414
Playdate-84005.jpeg;Alan_Ritchson;M;46;504;136;414
Playdate-85347.jpeg;Alan_Ritchson;M;67;253;196;124
Playdate-85699.jpeg;Alan_Ritchson;M;67;253;196;124
Playdate-85982.jpeg;Alan_Ritchson;M;38;254;113;179
Playdate-88050.jpeg;Alan_Ritchson;M;66;613;156;524
Playdate-88199.jpeg;Alan_Ritchson;M;81;528;236;373
Playdate-88321.jpeg;Kevin_James;M;19;414;242;191
Playdate-88791.jpeg;Kevin_James;M;36;428;222;242
Playdate-88947.jpeg;Kevin_James;M;43;439;266;216
Playdate-89171.jpeg;Kevin_James;M;43;513;266;291
Playdate-91098.jpeg;Alan_Ritchson;M;64;373;219;218
Playdate-92283.jpeg;Alan_Ritchson;M;80;278;155;204
Playdate-92673.jpeg;Alan_Ritchson;M;76;354;166;265
Playdate-93822.jpeg;Alan_Ritchson;M;77;448;263;262
Playdate-94009.jpeg;Alan_Ritchson;M;77;489;263;304
Playdate-95397.jpeg;Alan_Ritchson;M;82;311;211;182
Playdate-95474.jpeg;Alan_Ritchson;M;64;356;219;201
Playdate-99407.jpeg;Alan_Ritchson;M;98;425;253;270
PromisingYoungWoman-103001.jpeg;Bo_Burnham;M;205;425;267;363
PromisingYoungWoman-103251.jpeg;Bo_Burnham;M;219;1078;374;924
PromisingYoungWoman-103751.jpeg;Bo_Burnham;M;116;941;270;786
PromisingYoungWoman-104251.jpeg;Bo_Burnham;M;133;1010;288;855
PromisingYoungWoman-105251.jpeg;Bo_Burnham;M;116;924;270;769
PromisingYoungWoman-119751.jpeg;Bo_Burnham;M;99;847;420;526
PromisingYoungWoman-153001.jpeg;Bo_Burnham;M;96;655;225;526
PromisingYoungWoman-153751.jpeg;Bo_Burnham;M;134;847;455;526
PromisingYoungWoman-154001.jpeg;Bo_Burnham;M;201;765;468;498
PromisingYoungWoman-154501.jpeg;Bo_Burnham;M;125;698;254;569
PromisingYoungWoman-154751.jpeg;Bo_Burnham;M;206;812;527;491
PromisingYoungWoman-17751.jpeg;Bo_Burnham;M;125;741;254;612
PromisingYoungWoman-45251.jpeg;Bo_Burnham;M;94;432;156;370
PromisingYoungWoman-46251.jpeg;Bo_Burnham;M;118;655;304;469
PromisingYoungWoman-77751.jpeg;Bo_Burnham;M;112;765;379;498
PromisingYoungWoman-98251.jpeg;Bo_Burnham;M;139;898;268;769
PromisingYoungWoman-98501.jpeg;Bo_Burnham;M;110;913;239;784
PromisingYoungWoman-99751.jpeg;Bo_Burnham;M;115;868;177;805
SilverLiningsPlaybook-107751.jpeg;Chris_Tucker;M;82;825;350;557
SilverLiningsPlaybook-115001.jpeg;Robert_De_Niro;M;82;943;350;676
SilverLiningsPlaybook-115751.jpeg;Robert_De_Niro;M;112;943;379;676
SilverLiningsPlaybook-129001.jpeg;Robert_De_Niro;M;93;588;316;365
SilverLiningsPlaybook-131001.jpeg;Robert_De_Niro;M;112;557;379;290
SilverLiningsPlaybook-134251.jpeg;Robert_De_Niro;M;134;847;455;526
SilverLiningsPlaybook-141251.jpeg;Robert_De_Niro;M;96;583;225;454
SilverLiningsPlaybook-148751.jpeg;Robert_De_Niro;M;33;718;418;332
SilverLiningsPlaybook-168251.jpeg;Robert_De_Niro;M;142;587;409;319
SilverLiningsPlaybook-22751.jpeg;Robert_De_Niro;M;140;915;247;808
SilverLiningsPlaybook-24001.jpeg;Robert_De_Niro;M;98;675;284;489
SilverLiningsPlaybook-31501.jpeg;Bradley_Cooper;M;53;626;182;497
SilverLiningsPlaybook-7001.jpeg;Bradley_Cooper;M;119;718;504;332
SilverLiningsPlaybook-9751.jpeg;Robert_De_Niro;M;192;984;415;761
Spotlight (2015)-100691.jpeg;John_Slattery;M;98;511;253;356
Spotlight (2015)-101272.jpeg;John_Slattery;M;80;428;155;353
Spotlight (2015)-101391.jpeg;John_Slattery;M;88;486;163;411
Spotlight (2015)-117661.jpeg;Mark_Ruffalo;M;77;345;263;159
Spotlight (2015)-140438.jpeg;Mark_Ruffalo;M;36;366;222;180
Spotlight (2015)-162772.jpeg;Michael_Keaton;M;104;474;211;366
Spotlight (2015)-29076.jpeg;Mark_Ruffalo;M;46;363;108;301
Spotlight (2015)-40912.jpeg;Mark_Ruffalo;M;47;569;121;494
Spotlight (2015)-41121.jpeg;Mark_Ruffalo;M;98;545;253;390
Ted-101501.jpeg;Mark_Wahlberg;M;140;509;247;402
Ted-102001.jpeg;Amanda_Seyfried;F;153;425;282;296
Ted-109001.jpeg;Amanda_Seyfried;F;170;533;222;481
Ted-110001.jpeg;Amanda_Seyfried;F;184;769;339;614
Ted-110251.jpeg;Mark_Wahlberg;M;201;428;387;242
Ted-110501.jpeg;Amanda_Seyfried;F;184;786;339;631
Ted-110751.jpeg;Amanda_Seyfried;F;140;629;247;521
Ted-111751.jpeg;Amanda_Seyfried;F;163;593;271;485
Ted-114501.jpeg;Mark_Wahlberg;M;196;354;325;225
Ted-114751.jpeg;Amanda_Seyfried;F;135;584;198;522
Ted-116251.jpeg;Amanda_Seyfried;F;184;872;339;717
Ted-118001.jpeg;Mark_Wahlberg;M;188;453;262;378
Ted-118251.jpeg;Mark_Wahlberg;M;206;494;295;404
Ted-119251.jpeg;Amanda_Seyfried;F;158;325;194;289
Ted-120751.jpeg;Morgan_Freeman;M;163;485;271;378
Ted-122251.jpeg;Mark_Wahlberg;M;184;683;339;528
Ted-125751.jpeg;Mark_Wahlberg;M;245;474;335;384
Ted-143751.jpeg;Amanda_Seyfried;F;153;440;282;311
Ted-153001.jpeg;Mark_Wahlberg;M;202;614;356;459
Ted-154751.jpeg;Morgan_Freeman;M;142;425;205;363
Ted-155751.jpeg;Mark_Wahlberg;M;167;631;322;476
Ted-156251.jpeg;Mark_Wahlberg;M;163;689;271;581
Ted-156501.jpeg;Morgan_Freeman;M;167;425;322;270
Ted-159001.jpeg;Morgan_Freeman;M;133;425;288;270
Ted-159501.jpeg;Morgan_Freeman;M;133;459;288;304
Ted-1751.jpeg;Jessica_Barth;F;175;438;283;330
Ted-23001.jpeg;Mark_Wahlberg;M;156;342;218;280
Ted-23751.jpeg;Mark_Wahlberg;M;150;459;305;304
Ted-29751.jpeg;Mark_Wahlberg;M;182;655;311;526
Ted-35751.jpeg;Mark_Wahlberg;M;184;442;339;287
Ted-36001.jpeg;Mark_Wahlberg;M;184;459;339;304
Ted-59001.jpeg;Amanda_Seyfried;F;140;402;247;294
Ted-62251.jpeg;Amanda_Seyfried;F;135;432;198;370
Ted-62501.jpeg;Mark_Wahlberg;M;156;344;245;255
Ted-62751.jpeg;Amanda_Seyfried;F;142;453;205;391
Ted-63251.jpeg;Amanda_Seyfried;F;196;425;325;296
Ted-63751.jpeg;Amanda_Seyfried;F;167;442;322;287
Ted-64001.jpeg;Amanda_Seyfried;F;184;494;339;339
Ted-69501.jpeg;Amanda_Seyfried;F;140;521;247;414
Ted-69751.jpeg;Mark_Wahlberg;M;146;573;236;484
Ted-70001.jpeg;Mark_Wahlberg;M;167;631;322;476
Ted-70251.jpeg;Amanda_Seyfried;F;150;459;305;304
Ted-70501.jpeg;Mark_Wahlberg;M;167;648;322;494
Ted-71001.jpeg;Mark_Wahlberg;M;167;648;322;494
Ted-71251.jpeg;Amanda_Seyfried;F;186;285;275;195
Ted-75751.jpeg;Mark_Wahlberg;M;184;683;339;528
Ted-78501.jpeg;Jessica_Barth;F;163;629;271;521
Ted-79001.jpeg;Jessica_Barth;F;153;626;282;497
Ted-79501.jpeg;Amanda_Seyfried;F;168;483;297;354
Ted-85001.jpeg;Amanda_Seyfried;F;175;306;283;199
Ted-89001.jpeg;Mark_Wahlberg;M;202;597;356;442
Ted-92751.jpeg;Amanda_Seyfried;F;128;653;235;545
Ted-94001.jpeg;Amanda_Seyfried;F;125;712;254;583
Ted-94501.jpeg;Amanda_Seyfried;F;140;629;247;521
Ted-95001.jpeg;Mark_Wahlberg;M;167;769;322;614
Ted-98001.jpeg;Amanda_Seyfried;F;182;812;311;683
Ted-98501.jpeg;Amanda_Seyfried;F;182;841;311;712
TheDescendants-100501.jpeg;Nick_Krause;M;53;440;182;311
TheDescendants-100751.jpeg;Nick_Krause;M;67;411;196;282
TheDescendants-101501.jpeg;Nick_Krause;M;98;428;284;242
TheDescendants-102001.jpeg;George_Clooney;M;26;404;116;315
TheDescendants-105501.jpeg;George_Clooney;M;93;637;316;414
TheDescendants-106251.jpeg;Nick_Krause;M;170;492;222;440
TheDescendants-107501.jpeg;Judy_Greer;F;72;585;146;511
TheDescendants-10751.jpeg;George_Clooney;M;68;426;175;318
TheDescendants-108751.jpeg;George_Clooney;M;67;368;196;239
TheDescendants-11001.jpeg;George_Clooney;M;68;450;175;342
TheDescendants-11251.jpeg;George_Clooney;M;68;402;175;294
TheDescendants-114001.jpeg;George_Clooney;M;63;598;360;277
TheDescendants-115251.jpeg;George_Clooney;M;23;527;290;260
TheDescendants-116001.jpeg;George_Clooney;M;57;593;242;407
TheDescendants-117751.jpeg;George_Clooney;M;76;344;166;255
TheDescendants-121001.jpeg;George_Clooney;M;67;640;196;511
TheDescendants-121001.jpeg;Shailene_Woodley;F;182;268;311;139
TheDescendants-121251.jpeg;George_Clooney;M;47;666;202;511
TheDescendants-121501.jpeg;George_Clooney;M;53;683;182;554
TheDescendants-121751.jpeg;Shailene_Woodley;F;139;268;268;139
TheDescendants-122251.jpeg;Judy_Greer;F;152;426;259;318
TheDescendants-123001.jpeg;Judy_Greer;F;175;426;283;318
TheDescendants-123251.jpeg;Judy_Greer;F;166;434;255;344
TheDescendants-124251.jpeg;George_Clooney;M;90;262;141;210
TheDescendants-125501.jpeg;George_Clooney;M;82;669;211;540
TheDescendants-126001.jpeg;George_Clooney;M;67;669;196;540
TheDescendants-127751.jpeg;George_Clooney;M;93;613;316;390
TheDescendants-128501.jpeg;Judy_Greer;F;68;662;291;439
TheDescendants-129001.jpeg;George_Clooney;M;57;675;242;489
TheDescendants-135001.jpeg;George_Clooney;M;98;442;253;287
TheDescendants-135751.jpeg;George_Clooney;M;81;408;236;253
TheDescendants-137001.jpeg;George_Clooney;M;30;287;184;132
TheDescendants-142001.jpeg;George_Clooney;M;67;669;196;540
TheDescendants-142501.jpeg;George_Clooney;M;130;643;204;569
TheDescendants-146001.jpeg;George_Clooney;M;92;581;199;474
TheDescendants-147001.jpeg;George_Clooney;M;30;605;66;569
TheDescendants-148751.jpeg;Judy_Greer;F;67;440;196;311
TheDescendants-149001.jpeg;Judy_Greer;F;66;354;156;265
TheDescendants-149251.jpeg;George_Clooney;M;53;411;182;282
TheDescendants-151001.jpeg;Judy_Greer;F;80;402;187;294
TheDescendants-151251.jpeg;George_Clooney;M;67;612;196;483
TheDescendants-151501.jpeg;George_Clooney;M;67;612;196;483
TheDescendants-151751.jpeg;Judy_Greer;F;68;366;175;259
TheDescendants-152001.jpeg;George_Clooney;M;81;614;236;459
TheDescendants-152251.jpeg;Judy_Greer;F;67;425;196;296
TheDescendants-152751.jpeg;George_Clooney;M;39;354;168;225
TheDescendants-153001.jpeg;Judy_Greer;F;81;442;236;287
TheDescendants-153251.jpeg;Judy_Greer;F;81;442;236;287
TheDescendants-153501.jpeg;Judy_Greer;F;81;425;236;270
TheDescendants-153751.jpeg;George_Clooney;M;67;397;196;268
TheDescendants-154251.jpeg;George_Clooney;M;98;407;284;221
TheDescendants-154501.jpeg;George_Clooney;M;77;510;263;324
TheDescendants-15501.jpeg;George_Clooney;M;27;562;348;241
TheDescendants-155251.jpeg;George_Clooney;M;66;374;156;285
TheDescendants-155501.jpeg;George_Clooney;M;98;448;284;262
TheDescendants-15751.jpeg;George_Clooney;M;55;444;130;370
TheDescendants-160001.jpeg;George_Clooney;M;57;428;242;242
TheDescendants-161251.jpeg;George_Clooney;M;116;408;270;253
TheDescendants-162751.jpeg;George_Clooney;M;108;386;151;343
TheDescendants-163251.jpeg;George_Clooney;M;122;405;166;362
TheDescendants-163501.jpeg;George_Clooney;M;137;400;180;357
TheDescendants-163751.jpeg;George_Clooney;M;127;439;170;395
TheDescendants-164251.jpeg;George_Clooney;M;132;448;175;405
TheDescendants-164751.jpeg;George_Clooney;M;127;443;170;400
TheDescendants-165001.jpeg;George_Clooney;M;132;448;175;405
TheDescendants-17251.jpeg;George_Clooney;M;93;489;316;266
TheDescendants-17751.jpeg;George_Clooney;M;82;527;350;260
TheDescendants-18251.jpeg;George_Clooney;M;52;527;320;260
TheDescendants-19001.jpeg;George_Clooney;M;93;489;316;266
TheDescendants-19251.jpeg;George_Clooney;M;68;489;291;266
TheDescendants-21001.jpeg;George_Clooney;M;55;585;130;511
TheDescendants-21501.jpeg;George_Clooney;M;77;551;263;366
TheDescendants-22251.jpeg;George_Clooney;M;98;572;284;386
TheDescendants-23251.jpeg;George_Clooney;M;118;655;304;469
TheDescendants-24001.jpeg;George_Clooney;M;98;613;284;428
TheDescendants-24251.jpeg;George_Clooney;M;80;641;187;533
TheDescendants-30251.jpeg;George_Clooney;M;39;446;101;384
TheDescendants-30501.jpeg;George_Clooney;M;118;448;304;262
TheDescendants-34251.jpeg;George_Clooney;M;44;497;152;390
TheDescendants-38251.jpeg;Shailene_Woodley;F;201;655;360;469
TheDescendants-39001.jpeg;George_Clooney;M;56;426;163;318
TheDescendants-39751.jpeg;George_Clooney;M;66;593;156;504
TheDescendants-40501.jpeg;George_Clooney;M;68;629;175;521
TheDescendants-40751.jpeg;George_Clooney;M;116;631;270;476
TheDescendants-41001.jpeg;George_Clooney;M;66;613;156;524
TheDescendants-41251.jpeg;George_Clooney;M;66;613;156;524
TheDescendants-41501.jpeg;George_Clooney;M;68;617;175;509
TheDescendants-42751.jpeg;George_Clooney;M;56;605;163;497
TheDescendants-44001.jpeg;George_Clooney;M;57;572;242;386
TheDescendants-45001.jpeg;George_Clooney;M;77;510;263;324
TheDescendants-47251.jpeg;George_Clooney;M;77;448;263;262
TheDescendants-48001.jpeg;George_Clooney;M;68;588;291;365
TheDescendants-50501.jpeg;George_Clooney;M;93;538;316;315
TheDescendants-51001.jpeg;George_Clooney;M;93;563;316;340
TheDescendants-51251.jpeg;George_Clooney;M;93;588;316;365
TheDescendants-56251.jpeg;George_Clooney;M;67;583;196;454
TheDescendants-58501.jpeg;Nick_Krause;M;80;356;142;294
TheDescendants-61001.jpeg;Nick_Krause;M;98;253;253;98
TheDescendants-63751.jpeg;George_Clooney;M;52;706;320;438
TheDescendants-64251.jpeg;George_Clooney;M;23;825;290;557
TheDescendants-67001.jpeg;George_Clooney;M;90;389;126;353
TheDescendants-68001.jpeg;George_Clooney;M;56;434;146;344
TheDescendants-68751.jpeg;George_Clooney;M;81;494;236;339
TheDescendants-69501.jpeg;George_Clooney;M;57;634;242;448
TheDescendants-70251.jpeg;George_Clooney;M;30;378;105;303
TheDescendants-72251.jpeg;Shailene_Woodley;F;81;614;236;459
TheDescendants-76751.jpeg;George_Clooney;M;98;494;253;339
TheDescendants-77001.jpeg;George_Clooney;M;81;339;236;184
TheDescendants-81251.jpeg;George_Clooney;M;92;485;199;378
TheDescendants-81751.jpeg;George_Clooney;M;76;474;166;384
TheDescendants-82501.jpeg;George_Clooney;M;98;459;253;304
TheDescendants-82751.jpeg;Shailene_Woodley;F;68;605;175;497
TheDescendants-83751.jpeg;Shailene_Woodley;F;130;504;182;452
TheDescendants-89001.jpeg;George_Clooney;M;96;285;186;195
TheDescendants-92251.jpeg;George_Clooney;M;64;304;219;150
TheDescendants-95251.jpeg;George_Clooney;M;93;464;316;241
TheDescendants-95501.jpeg;George_Clooney;M;118;510;304;324
TheDescendants-96251.jpeg;George_Clooney;M;80;386;155;312
TheDescendants-98751.jpeg;Nick_Krause;M;30;408;184;253
TheDescendants-99251.jpeg;Nick_Krause;M;53;454;182;325
TheDescendants-99751.jpeg;Nick_Krause;M;53;483;182;354
TheGrandBudapestHotel-135751.jpeg;Tony_Revolori;M;128;497;235;390
TheGrandBudapestHotel-138751.jpeg;Fahrid_Murray_Abraham;M;150;597;305;442
TheGrandBudapestHotel-139251.jpeg;Fahrid_Murray_Abraham;M;199;569;307;462
TheGrandBudapestHotel-139501.jpeg;Fahrid_Murray_Abraham;M;126;534;216;444
TheGrandBudapestHotel-40751.jpeg;Adrien_Brody;M;106;524;196;434
TheGrandBudapestHotel-42751.jpeg;Adrien_Brody;M;81;580;236;425
TheGrandBudapestHotel-68751.jpeg;Fahrid_Murray_Abraham;M;93;637;316;414
TheGrandBudapestHotel-74001.jpeg;Adrien_Brody;M;196;527;271;453
TheGrandBudapestHotel-74751.jpeg;Adrien_Brody;M;152;557;259;450
TheRip-112688.jpeg;Steven_Yeun;M;88;361;163;287
TheRip-116775.jpeg;Ben_Affleck;M;104;306;211;199
TheRip-117068.jpeg;Matt_Damon;M;116;306;223;199
TheRip-18816.jpeg;Teyana_Taylor;F;116;474;206;384
TheRip-28445.jpeg;Sasha_Calle;F;146;357;182;321
TheRip-28878.jpeg;Sasha_Calle;F;128;402;235;294
TheRip-29108.jpeg;Sasha_Calle;F;136;404;226;315
TheRip-58066.jpeg;Sasha_Calle;F;116;265;206;175
TheRip-6891.jpeg;Steven_Yeun;M;92;366;199;259
TheShadowsEdge-102929.jpeg;Zhang_Zifeng;F;72;386;146;312
TheShadowsEdge-103452.jpeg;Zhang_Zifeng;F;63;411;138;337
TheShadowsEdge-104222.jpeg;Zhang_Zifeng;F;67;397;196;268
TheShadowsEdge-104565.jpeg;Zhang_Zifeng;F;67;397;196;268
TheShadowsEdge-104933.jpeg;Zhang_Zifeng;F;55;395;130;320
TheShadowsEdge-105643.jpeg;Zhang_Zifeng;F;53;377;115;315
TheShadowsEdge-166957.jpeg;Zhang_Zifeng;F;92;402;199;294
TheShadowsEdge-167093.jpeg;Zhang_Zifeng;F;106;305;196;215
TheShadowsEdge-175742.jpeg;Zhang_Zifeng;F;68;378;175;270
TheShadowsEdge-188411.jpeg;Zhang_Zifeng;F;96;378;171;303
TheShadowsEdge-189733.jpeg;Zhang_Zifeng;F;72;378;146;303
TheShadowsEdge-189878.jpeg;Zhang_Zifeng;F;68;402;175;294
TheShadowsEdge-202836.jpeg;Ci_Sha;M;96;382;225;253
TheShadowsEdge-28457.jpeg;Zhang_Zifeng;F;61;400;113;348
TheShadowsEdge-33702.jpeg;Zhang_Zifeng;F;67;440;196;311
TheShadowsEdge-33914.jpeg;Zhang_Zifeng;F;82;425;211;296
TheShadowsEdge-34694.jpeg;Zhang_Zifeng;F;82;411;211;282
TheShadowsEdge-35555.jpeg;Zhang_Zifeng;F;96;411;225;282
TheShadowsEdge-37954.jpeg;Jackie_Chan;M;49;291;101;239
TheShadowsEdge-50771.jpeg;Jackie_Chan;M;63;370;138;295
TheShadowsEdge-51722.jpeg;Zhang_Zifeng;F;82;368;211;239
TheShadowsEdge-58073.jpeg;Jackie_Chan;M;92;366;199;259
TheShadowsEdge-59141.jpeg;Zhang_Zifeng;F;81;476;236;322
TheShadowsEdge-62369.jpeg;Zhang_Zifeng;F;108;405;151;362
TheShadowsEdge-63204.jpeg;Zhang_Zifeng;F;46;374;136;285
TheShadowsEdge-64695.jpeg;Zhang_Zifeng;F;82;382;211;253
TheShadowsEdge-69317.jpeg;Zhang_Zifeng;F;61;366;113;314
TheShadowsEdge-70320.jpeg;Zhang_Zifeng;F;76;364;166;275
TheShadowsEdge-72403.jpeg;Jackie_Chan;M;39;411;168;282
TheShadowsEdge-73104.jpeg;Jackie_Chan;M;80;438;187;330
TheShadowsEdge-73837.jpeg;Zhang_Zifeng;F;67;354;196;225
TheShadowsEdge-77295.jpeg;Zhang_Zifeng;F;66;285;156;195
TheShadowsEdge-77630.jpeg;Zhang_Zifeng;F;56;434;146;344
TheShadowsEdge-78743.jpeg;Zhang_Zifeng;F;63;295;138;220
TheShadowsEdge-88395.jpeg;Zhang_Zifeng;F;146;204;221;129
TheSocialNetwork-103514.jpeg;Andrew_Garfield;M;92;724;199;617
TheSocialNetwork-103642.jpeg;Andrew_Garfield;M;92;724;199;617
TheSocialNetwork-108756.jpeg;Jesse_Eisenberg;M;55;536;130;461
TheSocialNetwork-144253.jpeg;Jesse_Eisenberg;M;80;593;187;485
TheSocialNetwork-149880.jpeg;Jesse_Eisenberg;M;92;438;199;330
TheSocialNetwork-150455.jpeg;Jesse_Eisenberg;M;92;474;199;366
TheSocialNetwork-152426.jpeg;Jesse_Eisenberg;M;81;390;236;236
TheSocialNetwork-152943.jpeg;Jesse_Eisenberg;M;67;368;196;239
TheSocialNetwork-153357.jpeg;Jesse_Eisenberg;M;67;382;196;253
TheSocialNetwork-163995.jpeg;Jesse_Eisenberg;M;77;510;263;324
TheSocialNetwork-28942.jpeg;Jesse_Eisenberg;M;64;562;219;408
TheSocialNetwork-93860.jpeg;Jesse_Eisenberg;M;146;668;221;594
TheSocialNetwork-96238.jpeg;Jesse_Eisenberg;M;56;211;163;103
TheSocialNetwork-96356.jpeg;Jesse_Eisenberg;M;76;195;166;106
TheTown-128501.jpeg;Rebecca_Hall;F;52;676;320;409
TheTown-134251.jpeg;Jeremy_Renner;M;64;322;219;167
TheTown-134501.jpeg;Jeremy_Renner;M;36;407;222;221
TheTown-142751.jpeg;Pete_Postlethwaite;M;47;328;121;254
TheTown-143001.jpeg;Pete_Postlethwaite;M;38;295;113;220
TheTown-212501.jpeg;Jon_Hamm;M;59;432;122;370
TheWolfofWallStreet-100631.jpeg;Leonardo_DiCaprio-m;unknown;0;587;260;319
TheWolfofWallStreet-100778.jpeg;Leonardo_DiCaprio-m;unknown;43;662;266;439
TheWolfofWallStreet-111054.jpeg;Margot_Robbie;F;80;390;187;282
TheWolfofWallStreet-111537.jpeg;Leonardo_DiCaprio-m;unknown;81;459;236;304
TheWolfofWallStreet-112796.jpeg;Leonardo_DiCaprio-m;unknown;56;554;146;464
TheWolfofWallStreet-132804.jpeg;Leonardo_DiCaprio-m;unknown;80;342;187;235
TheWolfofWallStreet-144420.jpeg;Jonah_Hill;M;98;407;284;221
TheWolfofWallStreet-14471.jpeg;Matthew_McConaughey;M;64;614;219;459
TheWolfofWallStreet-150773.jpeg;Leonardo_DiCaprio-m;unknown;77;489;263;304
TheWolfofWallStreet-153575.jpeg;Leonardo_DiCaprio-m;unknown;98;631;253;476
TheWolfofWallStreet-154097.jpeg;Leonardo_DiCaprio-m;unknown;77;655;263;469
TheWolfofWallStreet-154439.jpeg;Leonardo_DiCaprio-m;unknown;77;634;263;448
TheWolfofWallStreet-154780.jpeg;Leonardo_DiCaprio-m;unknown;77;655;263;469
TheWolfofWallStreet-157426.jpeg;Jon_Bernthal;M;63;685;138;610
TheWolfofWallStreet-157956.jpeg;Jon_Bernthal;M;96;683;186;593
TheWolfofWallStreet-158323.jpeg;Jon_Bernthal;M;96;743;186;653
TheWolfofWallStreet-162575.jpeg;Jon_Bernthal;M;46;613;136;524
TheWolfofWallStreet-163592.jpeg;Jon_Bernthal;M;46;723;136;633
TheWolfofWallStreet-18341.jpeg;Matthew_McConaughey;M;67;655;196;526
TheWolfofWallStreet-18471.jpeg;Matthew_McConaughey;M;80;569;187;462
TheWolfofWallStreet-193829.jpeg;Leonardo_DiCaprio-m;unknown;53;526;182;397
TheWolfofWallStreet-222990.jpeg;Leonardo_DiCaprio-m;unknown;96;652;171;577
TheWolfofWallStreet-223971.jpeg;Leonardo_DiCaprio-m;unknown;80;306;187;199
TheWolfofWallStreet-237969.jpeg;Leonardo_DiCaprio-m;unknown;67;382;196;253
TheWolfofWallStreet-238845.jpeg;Leonardo_DiCaprio-m;unknown;80;378;187;270
TheWolfofWallStreet-27363.jpeg;Leonardo_DiCaprio-m;unknown;82;411;211;282
TheWolfofWallStreet-36883.jpeg;Leonardo_DiCaprio-m;unknown;92;354;199;247
TheWolfofWallStreet-42505.jpeg;Jon_Bernthal;M;81;631;236;476
TheWolfofWallStreet-42801.jpeg;Leonardo_DiCaprio-m;unknown;67;296;196;167
TheWolfofWallStreet-42937.jpeg;Leonardo_DiCaprio-m;unknown;80;402;187;294
TheWolfofWallStreet-46227.jpeg;Leonardo_DiCaprio-m;unknown;27;491;348;170
TheWolfofWallStreet-77592.jpeg;Leonardo_DiCaprio-m;unknown;47;511;202;356
TheWolfofWallStreet-83436.jpeg;Leonardo_DiCaprio-m;unknown;47;631;202;476
TheWolfofWallStreet-8462.jpeg;Leonardo_DiCaprio-m;unknown;81;597;236;442
TheWolfofWallStreet-8962.jpeg;Leonardo_DiCaprio-m;unknown;82;425;211;296
TheWolfofWallStreet-9175.jpeg;Matthew_McConaughey;M;81;339;236;184
TheWolfofWallStreet-9742.jpeg;Leonardo_DiCaprio-m;unknown;64;580;219;425
TheWreckingCrew-105092.jpeg;Jason_Momoa;M;27;562;348;241
TheWreckingCrew-117989.jpeg;Jason_Momoa;M;63;403;138;328
TheWreckingCrew-118309.jpeg;Jason_Momoa;M;36;551;222;366
TheWreckingCrew-118525.jpeg;Jason_Momoa;M;64;597;219;442
TheWreckingCrew-130160.jpeg;Jacob_Batalon;M;80;619;155;544
TheWreckingCrew-130272.jpeg;Jacob_Batalon;M;80;610;155;536
TheWreckingCrew-130399.jpeg;Jacob_Batalon;M;80;610;155;536
TheWreckingCrew-135255.jpeg;Dave_Bautista;M;93;712;316;489
TheWreckingCrew-160083.jpeg;Temuera_Morrison;M;57;428;242;242
TheWreckingCrew-160607.jpeg;Temuera_Morrison;M;86;409;122;373
TheWreckingCrew-160709.jpeg;Temuera_Morrison;M;57;613;242;428
TheWreckingCrew-162319.jpeg;Jason_Momoa;M;68;637;291;414
TheWreckingCrew-18210.jpeg;Jason_Momoa;M;64;322;219;167
TheWreckingCrew-18656.jpeg;Jason_Momoa;M;77;407;263;221
TheWreckingCrew-18847.jpeg;Jason_Momoa;M;57;407;242;221
TheWreckingCrew-22355.jpeg;Jason_Momoa;M;56;534;146;444
TheWreckingCrew-32233.jpeg;Jason_Momoa;M;76;305;166;215
TheWreckingCrew-32692.jpeg;Jason_Momoa;M;80;294;187;187
TheWreckingCrew-33046.jpeg;Jason_Momoa;M;106;265;196;175
TheWreckingCrew-33249.jpeg;Jason_Momoa;M;96;397;225;268
TheWreckingCrew-33359.jpeg;Jason_Momoa;M;116;390;270;236
TheWreckingCrew-33458.jpeg;Jason_Momoa;M;80;330;187;223
TheWreckingCrew-33667.jpeg;Jason_Momoa;M;44;330;152;223
TheWreckingCrew-34200.jpeg;Jason_Momoa;M;66;335;156;245
TheWreckingCrew-34316.jpeg;Jason_Momoa;M;56;295;146;205
TheWreckingCrew-34655.jpeg;Jason_Momoa;M;68;464;291;241
TheWreckingCrew-35262.jpeg;Jason_Momoa;M;76;325;166;235
TheWreckingCrew-36902.jpeg;Jason_Momoa;M;98;469;284;283
TheWreckingCrew-37865.jpeg;Jason_Momoa;M;122;474;184;411
TheWreckingCrew-38279.jpeg;Jason_Momoa;M;47;597;202;442
TheWreckingCrew-39211.jpeg;Jason_Momoa;M;67;454;196;325
TheWreckingCrew-39715.jpeg;Jason_Momoa;M;77;551;263;366
TheWreckingCrew-52843.jpeg;Jacob_Batalon;M;56;390;163;282
TheWreckingCrew-53436.jpeg;Jacob_Batalon;M;82;454;211;325
TheWreckingCrew-53532.jpeg;Jacob_Batalon;M;67;468;196;339
TheWreckingCrew-53679.jpeg;Jacob_Batalon;M;67;468;196;339
TheWreckingCrew-54225.jpeg;Jacob_Batalon;M;64;476;219;322
TheWreckingCrew-63112.jpeg;Jason_Momoa;M;110;669;239;540
TheWreckingCrew-63292.jpeg;Jason_Momoa;M;82;640;211;511
TheWreckingCrew-73156.jpeg;Jason_Momoa;M;64;562;219;408
TheWreckingCrew-86720.jpeg;Jason_Momoa;M;76;424;166;335
TheWreckingCrew-90550.jpeg;Jason_Momoa;M;68;464;291;241
TheWreckingCrew-90665.jpeg;Jason_Momoa;M;98;469;284;283
TheWreckingCrew-93311.jpeg;Claes_Bang;M;77;469;263;283
TheWreckingCrew-93461.jpeg;Jason_Momoa;M;104;330;211;223
TheWreckingCrew-94411.jpeg;Jason_Momoa;M;106;354;196;265
TheWreckingCrew-94587.jpeg;Claes_Bang;M;104;581;211;474
TheWreckingCrew-94856.jpeg;Claes_Bang;M;96;526;225;397
TheWreckingCrew-95007.jpeg;Jason_Momoa;M;104;414;211;306
TheWreckingCrew-95424.jpeg;Jason_Momoa;M;82;468;211;339
TheWreckingCrew-95545.jpeg;Jason_Momoa;M;86;474;176;384
TheWreckingCrew-95657.jpeg;Claes_Bang;M;57;613;242;428
TheWreckingCrew-95744.jpeg;Claes_Bang;M;116;521;223;414
TheWreckingCrew-96071.jpeg;Claes_Bang;M;82;483;211;354
TheWreckingCrew-96152.jpeg;Jason_Momoa;M;0;476;150;322
TheWreckingCrew-96310.jpeg;Claes_Bang;M;96;454;225;325
TheWreckingCrew-96405.jpeg;Claes_Bang;M;96;440;225;311
TheWreckingCrew-96656.jpeg;Claes_Bang;M;56;474;163;366
TheWreckingCrew-97015.jpeg;Claes_Bang;M;57;510;242;324
ThreeBillboardsOutsideEbbingMissouri-10898.jpeg;Sam_Rockwell;M;82;583;211;454
ThreeBillboardsOutsideEbbingMissouri-118630.jpeg;Peter_Dinklage;M;68;533;175;426
ThreeBillboardsOutsideEbbingMissouri-119596.jpeg;Peter_Dinklage;M;80;366;187;259
ThreeBillboardsOutsideEbbingMissouri-125113.jpeg;Peter_Dinklage;M;67;626;196;497
ThreeBillboardsOutsideEbbingMissouri-125570.jpeg;Frances_McDormand;F;163;751;237;677
ThreeBillboardsOutsideEbbingMissouri-127564.jpeg;Frances_McDormand;F;96;303;171;229
ThreeBillboardsOutsideEbbingMissouri-134337.jpeg;Frances_McDormand;F;80;402;187;294
ThreeBillboardsOutsideEbbingMissouri-134515.jpeg;Frances_McDormand;F;76;384;166;295
ThreeBillboardsOutsideEbbingMissouri-135498.jpeg;Frances_McDormand;F;81;322;236;167
ThreeBillboardsOutsideEbbingMissouri-135559.jpeg;Frances_McDormand;F;72;212;146;137
ThreeBillboardsOutsideEbbingMissouri-136119.jpeg;Frances_McDormand;F;98;356;253;201
ThreeBillboardsOutsideEbbingMissouri-136369.jpeg;Frances_McDormand;F;77;386;263;201
ThreeBillboardsOutsideEbbingMissouri-136874.jpeg;Frances_McDormand;F;98;428;284;242
ThreeBillboardsOutsideEbbingMissouri-137196.jpeg;Frances_McDormand;F;110;397;239;268
ThreeBillboardsOutsideEbbingMissouri-137562.jpeg;Frances_McDormand;F;68;318;175;211
ThreeBillboardsOutsideEbbingMissouri-138403.jpeg;Frances_McDormand;F;86;534;176;444
ThreeBillboardsOutsideEbbingMissouri-138509.jpeg;John_Hawkes;M;66;544;156;454
ThreeBillboardsOutsideEbbingMissouri-138873.jpeg;Frances_McDormand;F;44;545;152;438
ThreeBillboardsOutsideEbbingMissouri-139209.jpeg;Frances_McDormand;F;8;677;116;569
ThreeBillboardsOutsideEbbingMissouri-144302.jpeg;Frances_McDormand;F;77;407;263;221
ThreeBillboardsOutsideEbbingMissouri-150253.jpeg;Frances_McDormand;F;76;434;166;344
ThreeBillboardsOutsideEbbingMissouri-155447.jpeg;Frances_McDormand;F;68;662;291;439
ThreeBillboardsOutsideEbbingMissouri-20867.jpeg;Frances_McDormand;F;155;569;229;494
ThreeBillboardsOutsideEbbingMissouri-20971.jpeg;Frances_McDormand;F;110;583;239;454
ThreeBillboardsOutsideEbbingMissouri-22066.jpeg;Frances_McDormand;F;67;354;196;225
ThreeBillboardsOutsideEbbingMissouri-22495.jpeg;Frances_McDormand;F;82;354;211;225
ThreeBillboardsOutsideEbbingMissouri-24082.jpeg;Woody_Harrelson;M;125;554;254;425
ThreeBillboardsOutsideEbbingMissouri-26016.jpeg;Sam_Rockwell;M;67;382;196;253
ThreeBillboardsOutsideEbbingMissouri-26623.jpeg;Sam_Rockwell;M;67;311;196;182
ThreeBillboardsOutsideEbbingMissouri-28905.jpeg;Frances_McDormand;F;66;335;156;245
ThreeBillboardsOutsideEbbingMissouri-29215.jpeg;Frances_McDormand;F;96;397;225;268
ThreeBillboardsOutsideEbbingMissouri-31884.jpeg;Frances_McDormand;F;76;305;166;215
ThreeBillboardsOutsideEbbingMissouri-32538.jpeg;Frances_McDormand;F;82;354;211;225
ThreeBillboardsOutsideEbbingMissouri-33045.jpeg;Frances_McDormand;F;82;339;211;210
ThreeBillboardsOutsideEbbingMissouri-34346.jpeg;Woody_Harrelson;M;66;524;156;434
ThreeBillboardsOutsideEbbingMissouri-34710.jpeg;Woody_Harrelson;M;63;602;138;527
ThreeBillboardsOutsideEbbingMissouri-39074.jpeg;Frances_McDormand;F;104;545;211;438
ThreeBillboardsOutsideEbbingMissouri-39322.jpeg;Frances_McDormand;F;68;545;175;438
ThreeBillboardsOutsideEbbingMissouri-40740.jpeg;Frances_McDormand;F;96;354;225;225
ThreeBillboardsOutsideEbbingMissouri-41484.jpeg;Frances_McDormand;F;80;330;187;223
ThreeBillboardsOutsideEbbingMissouri-41703.jpeg;Woody_Harrelson;M;47;436;121;361
ThreeBillboardsOutsideEbbingMissouri-41873.jpeg;Frances_McDormand;F;53;325;182;196
ThreeBillboardsOutsideEbbingMissouri-42068.jpeg;Frances_McDormand;F;56;282;163;175
ThreeBillboardsOutsideEbbingMissouri-43392.jpeg;Frances_McDormand;F;80;342;187;235
ThreeBillboardsOutsideEbbingMissouri-43588.jpeg;Frances_McDormand;F;80;354;187;247
ThreeBillboardsOutsideEbbingMissouri-44328.jpeg;Frances_McDormand;F;68;354;175;247
ThreeBillboardsOutsideEbbingMissouri-44761.jpeg;Frances_McDormand;F;68;378;175;270
ThreeBillboardsOutsideEbbingMissouri-44934.jpeg;Frances_McDormand;F;77;386;263;201
ThreeBillboardsOutsideEbbingMissouri-45855.jpeg;Sam_Rockwell;M;98;593;284;407
ThreeBillboardsOutsideEbbingMissouri-49602.jpeg;Frances_McDormand;F;56;613;146;524
ThreeBillboardsOutsideEbbingMissouri-49744.jpeg;Frances_McDormand;F;66;603;156;514
ThreeBillboardsOutsideEbbingMissouri-49932.jpeg;Frances_McDormand;F;66;643;156;554
ThreeBillboardsOutsideEbbingMissouri-54580.jpeg;Frances_McDormand;F;81;270;236;115
ThreeBillboardsOutsideEbbingMissouri-54756.jpeg;Frances_McDormand;F;77;283;263;97
ThreeBillboardsOutsideEbbingMissouri-54853.jpeg;Frances_McDormand;F;98;270;253;115
ThreeBillboardsOutsideEbbingMissouri-57141.jpeg;Frances_McDormand;F;96;339;225;210
ThreeBillboardsOutsideEbbingMissouri-57388.jpeg;John_Hawkes;M;92;533;199;426
ThreeBillboardsOutsideEbbingMissouri-57765.jpeg;Frances_McDormand;F;116;562;270;408
ThreeBillboardsOutsideEbbingMissouri-59119.jpeg;Sam_Rockwell;M;98;390;253;236
ThreeBillboardsOutsideEbbingMissouri-62992.jpeg;Woody_Harrelson;M;187;402;295;294
ThreeBillboardsOutsideEbbingMissouri-65953.jpeg;Frances_McDormand;F;98;345;284;159
ThreeBillboardsOutsideEbbingMissouri-7244.jpeg;Frances_McDormand;F;82;468;211;339
ThreeBillboardsOutsideEbbingMissouri-79878.jpeg;Sam_Rockwell;M;47;494;202;339
ThreeBillboardsOutsideEbbingMissouri-85615.jpeg;Frances_McDormand;F;98;675;284;489
ThreeBillboardsOutsideEbbingMissouri-93288.jpeg;Frances_McDormand;F;72;337;146;262
ThreeBillboardsOutsideEbbingMissouri-94432.jpeg;Frances_McDormand;F;57;489;242;304
ThreeBillboardsOutsideEbbingMissouri-94801.jpeg;Frances_McDormand;F;77;407;263;221
ThreeBillboardsOutsideEbbingMissouri-9582.jpeg;Sam_Rockwell;M;98;390;253;236
